Name,Score
GeForce RTX 5090 D,41310
RTX PRO 5000 72GB Blackwell,40493
GeForce RTX 5090,38948
RTX PRO 6000 Blackwell Workstation Edition,38464
GeForce RTX 4090,38072
GeForce RTX 5080,35688
GeForce RTX 4080,34440
GeForce RTX 4080 SUPER,34269
nVidia L40-48Q,33270
RTX PRO 4500 Blackwell,33247
RTX PRO 5000 Blackwell,32831
nVidia L40-4Q,32601
GeForce RTX 5070 Ti,32427
RTX PRO 6000 Blackwell Max-Q Workstation Edition,32392
GeForce RTX 4070 Ti SUPER,31823
GeForce RTX 5090 D v2,31664
GeForce RTX 4070 Ti,31570
Radeon RX 7900 XTX,31416
GeForce RTX 4090 D,30614
RTX 5000 Ada Generation,30334
GeForce RTX 4070 SUPER,29958
GeForce RTX 3090 Ti,29276
Radeon RX 7900 XT,29053
GeForce RTX 5070,28748
RTX 6000 Ada Generation,28643
TURZX Display,28635
RTX PRO 4000 Blackwell,28323
GeForce RTX 5090 Laptop GPU,28274
RTX 4500 Ada Generation,28265
Radeon RX 6950 XT,28070
Radeon AI PRO R9700,27735
Radeon PRO W7900,27729
RTX PRO 6000 Blackwell Server Edition,27523
Radeon RX 7900 GRE,27405
nVidia L40,27355
Radeon PRO W7800,27212
GeForce RTX 4090 Laptop GPU,27062
Radeon RX 9070 XT,26911
GeForce RTX 4070,26906
GeForce RTX 3080 Ti,26765
Radeon RX 6900 XT,26681
GeForce RTX 3080 12GB,26563
GeForce RTX 3090,26541
Radeon Pro V620,26519
GeForce RTX 5080 Laptop GPU,26382
AicUsbDisplay Device,25879
Radeon RX 9070,25411
RTX 5880 Ada Generation,25096
Radeon RX 6800 XT,25051
GeForce RTX 3080,25012
GeForce RTX 4080 Laptop GPU,24729
Radeon RX 7800 XT,24359
RTX PRO 5000 Blackwell Generation Laptop GPU,24291
L20-8Q,24277
RTX PRO 4000 Blackwell SFF Edition,24252
Radeon RX 9070 GRE,24025
RTX 4000 Ada Generation,23660
RTX 5000 Ada Generation Laptop GPU,23415
RTX PRO 4000 Blackwell Generation Laptop GPU,23272
RTX6000-Ada-6Q,23236
GeForce RTX 3070 Ti,23235
RTX A5000,22934
RTX 3500 Ada Generation Embedded GPU,22926
Radeon PRO W7700,22776
RTX A6000,22766
Radeon RX 7700 XT,22671
GeForce RTX 5070 Ti Laptop GPU,22659
GeForce RTX 4060 Ti 16GB,22635
GeForce RTX 5060 Ti 16GB,22633
GeForce RTX 4060 Ti,22609
GeForce RTX 5060 Ti 8GB,22208
RTX 4000 Ada Generation Laptop GPU,22188
GeForce RTX 3070,22116
Radeon RX 7900M,22111
Radeon RX 6800,22037
GRID RTX6000-6Q,21987
RTX PRO 3000 Blackwell Generation Laptop GPU,21711
NVIDIA A10,21687
GeForce RTX 2080 Ti,21459
RTX A5500,21192
Radeon 610M Ryzen 7 7840HX,20904
GeForce RTX 5060,20779
Radeon RX 7700,20753
Radeon RX 6750 XT,20709
RTX A4500,20626
RTX PRO 2000 Blackwell,20594
RTX 4000 SFF Ada Generation,20477
GeForce RTX 3060 Ti,20261
Radeon RX 6750 GRE 12GB,20155
Radeon PRO W6800,20122
Radeon RX 9060 XT 16GB,20119
L40S,20023
TITAN RTX,19968
Quadro RTX 8000,19911
Radeon RX 9060 XT 8GB,19812
RTX 3500 Ada Generation Laptop GPU,19760
Radeon RX 6700 XT,19731
TITAN V,19720
GeForce RTX 4060,19509
GeForce RTX 4070 Laptop GPU,19505
SMI USB Display,19462
GeForce RTX 2080 SUPER,19443
RTX A4000,19362
GeForce RTX 5070 Laptop GPU,19113
Radeon RX 6750 GRE 10GB,18979
LIANLI USB Display-60hz,18968
Radeon RX 6700,18929
GeForce RTX 3080 Ti Laptop GPU,18926
Intel Arc Pro B70,18847
NVIDIA TITAN Xp,18754
Quadro GV100,18624
GeForce GTX 1080 Ti,18591
GeForce RTX 2080,18588
TITAN Xp COLLECTORS EDITION,18541
Radeon RX 7650 GRE,18413
Radeon 8060S,18169
GeForce RTX 2070 SUPER,18138
Radeon RX 9060,17930
Quadro RTX 6000,17830
NVIDIA A10G,17660
Radeon RX 7800M,17511
GeForce RTX 3070 Ti Laptop GPU,17420
Radeon Pro W6900X,17413
Barco MXRV-7100,17382
GeForce RTX 4060 Laptop GPU,17380
Radeon RX 6850M XT,17311
Radeon RX 7600 XT,17297
RTX A5500 Laptop GPU,17223
RTX 2000 Ada Generation,17195
GeForce RTX 5050,17139
Radeon RX 6650 XT,17120
RTX 5000 Ada Generation Embedded GPU,17056
EIZO Quadro MED-XN92,17036
TITAN V CEO Edition,16988
GeForce RTX 3060,16975
RTX6000-Ada-3A,16841
GeForce RTX 5060 Laptop GPU,16824
RTX A4500 Laptop GPU,16799
RTX A4000H,16768
GeForce RTX 3060 12GB,16732
Radeon Pro W6800X,16619
Radeon RX 5700 XT 50th Anniversary,16528
Radeon RX 7600,16510
GeForce RTX 2060 SUPER,16464
Radeon RX 6600 XT,16444
RTX PRO 2000 Blackwell Generation Laptop GPU,16400
RTX A5000 Laptop GPU,16357
Radeon VII,16253
Radeon PRO W7600,16195
Radeon 8050S,16169
GeForce RTX 3080 Laptop GPU,16124
Radeon RX 6650M XT,16081
Radeon RX 5700 XT,16075
GeForce RTX 2070,16064
RTX 3000 Ada Generation Laptop GPU,16036
Intel Arc B580,15950
GeForce RTX 2060 12GB,15925
Radeon RX 6800S,15756
RTX 2000E Ada Generation,15634
Radeon Pro V620 MxGPU,15633
Radeon Pro Vega II,15618
GeForce GTX 1080,15607
Radeon RX 7600S,15500
Quadro P6000,15459
Radeon RX 7700S,15432
Quadro RTX 5000,15315
GeForce RTX 3060 8GB,15257
Radeon RX 6650M,15189
Radeon Pro W5700X,15179
Intel Arc Pro B60,15172
GeForce RTX 3070 Laptop GPU,15085
A10-24Q,15063
Radeon RX 6600,15056
SQExtFramebufferUmode Device,15054
GeForce RTX 2080 (Mobile),15014
Radeon RX 6700S,14999
Radeon PRO W6600,14978
Quadro RTX 4000,14858
RTX 2000 Ada Generation Laptop GPU,14855
Quadro RTX 5000 (Mobile),14832
RTX A4000 Laptop GPU,14818
RTX PRO 1000 Blackwell Generation Laptop GPU,14811
Radeon Pro W6800X Duo,14742
GeForce GTX 1070 Ti,14669
Radeon RX 7600M XT,14632
GeForce RTX 5050 Laptop GPU,14329
GeForce RTX 4050 Laptop GPU,14274
Radeon RX 5700,14233
Radeon Pro W5700,14139
GeForce RTX 2060,14093
Intel Arc B570,14071
Radeon RX 6600 LE,14012
RadeonT RX 6850M XT,13992
Quadro GP100,13983
NVIDIA A40,13900
Radeon RX Vega 64,13888
Radeon RX 6600M,13877
RTX 2000 Ada Generation Embedded GPU,13842
RTX A3000 12GB Laptop GPU,13841
spacedesk Adapter,13759
Racer-Tech USB Display Device,13692
Radeon Pro Vega II Duo,13690
RTX A2000 12GB,13670
NVIDIA TITAN X,13660
GeForce GTX 980 Ti,13646
Radeon RX 6700M,13629
Radeon Pro VII,13615
A10G,13598
RTX 1000 Ada Generation Laptop GPU,13580
GeForce GTX 1070,13514
GeForce RTX 2080 Super with Max-Q Design,13468
nVidia L20,13430
GeForce RTX 2070 Super with Max-Q Design,13413
RTX A2000,13407
Radeon RX 5600 XT,13407
Radeon Pro Vega 64X,13369
Intel Arc A770,13349
A100-SXM4-40GB,13326
Tesla P100-PCIE-12GB,13310
Radeon RX 6600S,13280
Radeon RX 6800M,13270
Radeon PRO W7500,13220
Radeon PRO W7900 Dual Slot,13182
OrayIddDriver Device,13177
RTX PRO 500 Blackwell Generation Laptop GPU,13162
GeForce RTX 3060 Laptop GPU,13126
Radeon PRO W6600X,13113
Radeon RX Vega 56,12974
Radeon Pro Vega 64,12886
GeForce RTX 2080 with Max-Q Design,12711
GeForce GTX 1660 SUPER,12680
Radeon Vega Frontier Edition,12674
Quadro P5000,12650
Intel Arc A750,12630
RTX A3000 Laptop GPU,12630
GeForce GTX 1660 Ti,12626
GRID RTX6000-1Q,12617
Quadro RTX 5000 with Max-Q Design,12603
GeForce GTX TITAN X,12562
Intel Arc Pro B50,12550
GeForce RTX 3050 8GB,12495
Radeon Pro WX 8200,12476
Quadro P5200 with Max-Q Design,12464
Radeon Pro 5700 XT,12457
Radeon RX 5600 OEM,12426
GeForce RTX 2070 (Mobile),12357
Tesla V100-PCIE-16GB,12328
Radeon RX 6850M,12274
Radeon Pro V520 MxGPU,12258
Quadro RTX 4000 with Max-Q Design,12186
Intel Arc A580,12075
Radeon Pro Vega 56,12065
GeForce RTX 3050 Laptop GPU,12003
Radeon RX 7400,11909
GeForce RTX 3050 OEM,11897
Intel Arc A770M,11879
Radeon Pro WX 9100,11794
Tesla T10,11764
Radeon RX 5600,11753
EIZO Quadro MED-XN91,11748
Quadro M6000,11709
Quadro RTX 4000 (Mobile),11692
GeForce GTX 1080 with Max-Q Design,11679
Radeon Instinct MI60,11638
GeForce GTX 1660,11615
Tesla P40,11596
Quadro M6000 24GB,11487
Radeon PRO W6600M,11478
Quadro P4200 with Max-Q Design,11472
Radeon Pro 5700,11457
Quadro P4000,11421
GeForce RTX 2070 with Max-Q Design,11394
GeForce RTX 2060 (Mobile),11353
Quadro P5200,11334
Radeon Pro Vega 48,11270
Tesla V100-SXM2-16GB,11265
RTX 500 Ada Generation Laptop GPU,11183
RTX A2000 Embedded GPU,11117
GeForce GTX 980,11077
RTX A1000 Embedded GPU,11009
Radeon RX 7600M,10999
Radeon Pro SSG,10972
GeForce RTX 3050 A Laptop GPU,10931
RTX A1000,10766
GeForce RTX 3050 6GB,10761
Quadro RTX 3000,10647
Tesla M40 24GB,10641
CXDisplay Device,10499
RTX A2000 8GB Laptop GPU,10497
Radeon V520 MxGPU,10474
GeForce GTX 1070 (Mobile),10465
A40-48Q,10436
Radeon 8040S,10431
Tesla M40,10220
GeForce GTX 1650 SUPER,10188
L4,10153
Quadro P4200,10136
GeForce RTX 3050 6GB Laptop GPU,10129
GeForce GTX 1660 Ti (Mobile),10095
GeForce RTX 3050 Ti Laptop GPU,10082
GeForce GTX 1060,10045
RTX A1000 6GB Laptop GPU,10027
RTX PRO 500 Blackwell Embedded GPU,9910
Tesla T4,9904
GRID P40-2B,9842
GeForce GTX 1060 3GB,9839
Intel Arc A730M,9808
Intel Arc Pro A60,9798
GeForce GTX 1070 with Max-Q Design,9774
Radeon R9 Fury + Fury X,9741
GeForce GTX 970,9639
Radeon RX 6550M,9630
Radeon RX 6500 XT,9628
GeForce RTX 2060 with Max-Q Design,9625
Tesla P100-PCIE-16GB,9621
Intel Arc Pro B390 GPU,9594
GRID P40-2Q,9581
Radeon RX Vega Ryzen 5 5600GT,9558
Radeon R9 Fury,9527
GeForce RTX 3050 4GB Laptop GPU,9499
RTX A2000 Laptop GPU,9476
RTX A1000 Laptop GPU,9462
Ryzen 9 4900HSS with Radeon Graphics,9461
GeForce GTX 780 Ti,9455
Intel Arc GPU,9446
Quadro P2200,9412
Radeon R9 Fury X,9388
Quadro M5000,9374
CMP 40HX,9344
Radeon Pro 5600M,9304
Radeon RX 590,9292
Radeon R9 390X,9221
A10-12Q,9192
GeForce GTX TITAN Black,9184
GeForce GTX 1060 5GB,9180
Quadro P3200 with Max-Q Design,9179
Tesla P4,9146
Inspiration CG620 MxGPU,9106
Quadro P4000 with Max-Q Design,9083
Radeon RX 5500 XT,9068
EIZO Quadro MED-XN72,9037
Intel Arc B390 GPU,9024
Radeon Pro W5500,8953
Intel Arc B390 GPU RI,8902
GeForce GTX TITAN Z,8897
Radeon RX 5500,8865
Radeon R9 295X2,8816
Radeon R9 390,8804
Radeon RX 5600M,8797
Radeon RX 580,8789
GeForce GTX 1660 Ti with Max-Q Design,8605
L40S-12Q,8601
Radeon RX 480,8529
Quadro P3200,8508
GRID RTX6000-1B,8473
Radeon R9 290X,8434
Miracast display port driver V3,8422
Radeon PRO W6400,8381
Radeon R9 290X / 390X,8380
Radeon Pro Duo,8371
Ryzen 5 4600HS with Radeon Graphics,8371
Radeon RX590 GME,8329
RTX A4500 Embedded GPU,8296
Tesla V100-PCIE-32GB,8260
Intel Arc B370 GPU,8227
GeForce GTX Titan,8196
GeForce GTX 1060 (Mobile),8160
Radeon R9 290 / 390,8150
Radeon R9 290,8148
Quadro RTX 3000 with Max-Q Design,8132
Radeon 890M,8111
Intel Arc A530M,8045
Quadro K6000,8018
Ryzen 9 6900HS,8005
GeForce GTX 780,7958
Radeon RX 470/570,7918
Quadro M5500,7915
L40-8Q,7900
Radeon Pro 5500 XT,7873
GeForce GTX 1650,7871
NVIDIA T1200 Laptop GPU,7826
GeForce GTX 1060 with Max-Q Design,7824
Ryzen 7 8845HS with Radeon 780M,7766
Radeon Pro 580,7753
FirePro W9100,7748
Radeon RX 6400,7736
A40-8Q,7716
Radeon Pro WX 7100,7710
GeForce RTX 2050,7709
nVidia L40S-4Q,7687
Radeon RX 6500,7677
NVIDIA T1000 8GB,7673
Radeon RX 780,7658
Radeon 880M,7657
NVIDIA T1000,7649
Radeon RX 580 2048SP,7626
Radeon RX 5300,7606
EPSON Projector Support Driver for UD,7579
Radeon Pro 580X,7540
GeForce GTX 1650 Ti,7537
GRID P40-8Q,7507
Qualcomm Adreno X2-90 GPU,7498
Radeon RX 580X,7427
GeForce GTX 980M,7388
Radeon Pro W5500X,7351
Radeon PRO V710 MxGPU,7298
Quadro T2000,7289
Radeon RX 6500M,7288
EIZO Quadro MED-XN71,7245
L4-8Q,7114
RadeonT 780M,7103
Radeon Pro 5300,7089
Quadro M5000M,7068
GRID P40-24Q,7057
NVIDIA T600 Laptop GPU,7045
Quadro T2000 with Max-Q Design,7020
Quadro P2000,7007
Ryzen 7 4800HS with Radeon Graphics,6999
GeForce GTX 1650 (Mobile),6968
Radeon 780M,6826
Tesla M60,6817
FirePro W8100,6812
Ryzen 9 4900HS with Radeon Graphics,6791
P106-100,6737
Radeon Pro 5500M,6730
extension Adapter,6726
Radeon Ryzen 9 6900HS,6726
L40S-2B,6711
GeForce GTX 970XM FORCE,6707
RadeonT 660M Ryzen 5 6600H,6700
Radeon R9 285,6680
Quadro M4000,6678
A10-8Q,6648
GeForce GTX 1650 Ti with Max-Q Design,6640
Quadro T1000 with Max-Q Design,6635
Intel Arc 140T GPU,6624
Intel Arc Pro 140T GPU,6612
Radeon RX 6450M,6601
L40S-6Q,6588
GRID P40-3Q,6570
RTX A500 Laptop GPU,6555
Radeon RX Vega M GH,6549
GRID RTX6000-24Q,6521
Quadro T1000,6509
GRID P40-2B4,6501
LuminonCore IDDCX Adapter,6479
AMD Ryzen Z1 Extreme,6433
Radeon RX 6300M,6421
GeForce GTX 1050 Ti,6363
NVIDIA T600,6362
GeForce GTX 1650 with Max-Q Design,6352
Quadro P3000,6346
Radeon Pro 570,6337
Intel Arc A380,6299
Intel Arc A380E,6290
Radeon Pro WX 7130,6271
GeForce MX570 A,6271
Ryzen 7 6800HS with Radeon Graphics,6240
GRID P4-4Q,6235
Tesla M6,6225
RTX A500 Embedded GPU,6197
Radeon Ryzen 7 6800HS,6187
Ryzen 9 PRO 6950H with Radeon Graphics,6176
Quadro K5200,6173
Intel Arc 130T GPU,6153
GeForce GTX 960,6142
Intel Arc Pro 130T GPU,6130
Radeon R9 380X,6127
FirePro W9000,6116
Ryzen 9 6900HS with Radeon Graphics,6110
Quadro M4000M,6080
Radeon R9 280X,6079
Radeon RX 5500M,6023
RTX A400,6002
GeForce GTX 770,5965
Radeon R9 380,5962
Radeon 610M Ryzen 9 7845HX,5948
Radeon Ryzen 7 6810U,5937
GRID P40-4Q,5926
GeForce GTX 1050 Ti (Mobile),5918
Intel Arc Pro A30M,5862
RadeonT 760M,5846
A40-3Q,5842
Radeon Ryzen 7 7736U,5826
Intel Arc Pro,5814
GeForce MX570,5812
Matrox LUMA A380P,5811
Radeon Pro 5300M,5801
Ryzen 7 PRO 6850H with Radeon Graphics,5791
DisplayLink USB Device Ryzen 7 7735HS,5768
Ryzen 9 PRO 6950H,5759
Tesla K80,5754
GeForce GTX 970M,5731
Intel Arc Pro A40/A50,5697
Radeon E9550,5693
RadeonT 680M Ryzen 7 7735HS,5681
RadeonT 680M,5680
Eng Sample: 100-000000560-40_Y,5656
Intel Arc 140T,5635
Radeon Eng Sample: 100-000000544-40_Y,5630
Radeon Ryzen 9 PRO 6950H,5609
Radeon PRO Ryzen 7 PRO 6850U,5604
GeForce GTX 680,5602
Barco MXRV-3100,5599
Ryzen 7 PRO 6850U,5581
Radeon HD 7990,5566
Radeon PRO W6300,5560
Radeon TM,5554
Radeon R9 285 / 380,5550
Quadro M3000M,5548
GRID P40-12Q,5540
Radeon R9 280,5525
Radeon Ryzen 7 PRO 6850H,5524
GRID M60-8A,5523
CMP 30HX,5522
Radeon 680M Ryzen 9 6900HX,5493
Intel Arc,5482
GeForce GTX 760 Ti OEM,5474
L2,5467
GeForce GTX 690,5466
Ryzen 7 6800HS Creator Edition,5465
Radeon Pro WX 5100,5464
Intel Arc A310,5461
Ryzen 9 5900HS with Radeon Graphics,5453
Radeon RX 5300M,5397
Radeon RX 6300,5384
GeForce GTX 670,5364
Radeon 760M,5354
GeForce GTX 950,5352
DameWare Development Mirror Driver 64-bit Ryzen 7,5350
Quadro P2000 with Max-Q Design,5342
Radeon Ryzen 7 6800HS Creator Edition,5336
GeForce GTX 1050 Ti with Max-Q Design,5314
GeForce GTX 760 Ti,5307
RTX5000-Ada-4Q,5298
L40S-8Q,5288
GRID P4-8Q,5283
A16,5281
Ryzen 7 6800H,5260
Radeon Ryzen 7 7735H,5254
Radeon HD 7970 / R9 280X,5248
Ryzen 7 6800HS,5237
Radeon HD 8990,5214
GRID M60-2Q,5203
Ryzen 7 7735HS with Radeon Graphics,5175
GRID RTX8000P-4Q,5174
Radeon Pro Vega 20,5169
Q12U-1,5164
Radeon Ryzen 9 6900HS Creator Edition,5156
Radeon R9 M295X,5150
Ryzen 7 Pro 7735U with Radeon Graphics,5142
Intel Arc 140V GPU,5135
Ryzen 9 6900HX with Radeon Graphics,5124
Ryzen 7 PRO 6850U with Radeon Graphics,5116
Intel Arc A370M,5115
GeForce GTX 1050 3GB,5115
Radeon R9 M395X,5109
Ryzen 7 7735U with Radeon Graphics,5081
Ryzen 7 PRO 6860Z,5077
FirePro S9000,5059
Radeon Ryzen 7 PRO 6850HS,5057
EIZO MED-XN44,5049
GeForce GTX 1050,5047
RTX Pro 6000 Blackwell DC-24Q,5044
FirePro W7100,5039
A40-12Q,5025
EIZO Quadro MED-XN51LP,5012
Ryzen 7 6800U,5006
Radeon Ryzen 7 PRO 6850U,4999
GeForce GTX 1630,4984
Ryzen 7 6800H with Radeon Graphics,4960
Barco MXRT 7600,4944
RTXA5000-8Q,4916
FirePro S9050,4901
Radeon R9 M395,4897
Intel Arc A310 LP,4889
Intel Arc 130V GPU RI,4882
Radeon R9 270X,4876
Radeon 860M,4871
Ryzen 7 PRO 6860Z with Radeon Graphics,4869
Radeon Ryzen 7 6800H,4867
L40-3Q,4858
DisplayLink USB Device Ryzen 9 6900HX,4857
Intel Arc 140V GPU RI,4848
Radeon Ryzen 7 7735HS,4840
GeForce GTX 760,4823
Radeon Pro Vega 16,4809
RTXA5000-24Q,4803
GRID RTX6000P-6Q,4777
A16-8Q,4769
L4-24Q,4767
Radeon HD 7950 / R9 280,4765
Ryzen 7 6800U with Radeon Graphics,4760
GRID T4-8Q,4753
T550 Laptop GPU,4735
L4-4Q,4732
Radeon Ryzen Z2 Go,4725
Radeon Sky 500,4723
Radeon R9 370,4722
L40-6Q,4718
Tesla K20Xm,4714
FirePro S7000,4709
Ryzen 9 PRO 6950HS with Radeon Graphics,4705
RTXA5000-12Q,4681
GRID V100D-2Q,4668
GeForce GTX 580,4629
GRID P100-16Q,4626
Radeon Ryzen 7 7735U,4625
Radeon Pro WX Vega M GL,4618
Radeon HD 7870,4566
B8DKMDAP,4557
Radeon Pro 465,4538
FirePro S10000,4537
Radeon Ryzen 7 PRO 6860Z,4536
GRID RTX6000-8Q,4514
Radeon Ryzen 7 170,4506
Quadro P1000,4506
Intel Arc 130V GPU,4499
Tesla K40c,4495
GRID T4-16Q,4490
Radeon R7 370,4480
Radeon HD 7870 XT,4470
Radeon Ryzen 9 PRO 6950HS,4463
GeForce GTX 1050 (Mobile),4463
DisplayLink USB Device Ryzen 7 6800H,4445
GeForce MX550,4438
Tesla K20m,4432
GRID P6-4Q,4429
Radeon 680M Ryzen 7 7735HS,4424
A2-4Q,4423
GeForce GTX 660 Ti,4412
NVIDIA A40-4Q,4407
FirePro W7000 Adapter,4383
DisplayLink USB Device Ryzen 7 PRO 6850U,4381
L40S-3Q,4365
GRID GTX P40-6,4340
PCI\VEN_1002&DEV_164E&SUBSYS_D0001458&REV_C7 Ryzen,4339
Quadro K4200,4339
NVIDIA A40-12Q,4336
Radeon Eng Sample: 100-000000536-40_Y,4328
RTX Pro 6000 Blackwell DC-3Q,4324
FirePro W7000,4315
Radeon R9 270,4306
GRID RTX6000P-4Q,4283
GRID V100DX-8Q,4276
Quadro M2200,4263
Radeon R9 270 / R7 370,4260
NVIDIA A40-8Q,4252
RTXA6000-8Q,4237
Radeon Ryzen 7 6800U,4226
Eng Sample: 100-000000561-40_Y,4206
GRID RTX8000P-12A,4166
GRID V100D-8Q,4156
Radeon PRO Ryzen 5 PRO 6650U,4140
Winsta0\\Default,4125
Radeon RX 460,4099
FirePro W8000,4092
Ryzen 7 PRO 6850HS with Radeon Graphics,4087
GeForce GTX 480,4078
L4-2Q,4062
RadeonT 660M Ryzen 5 7535HS,4051
GeForce GTX 660,4048
Quadro M2000,4044
L4-6Q,4034
Radeon HD 7800-serie,4029
Radeon 660M Ryzen 5 Pro 7535U,4025
Quadro K5000,3999
Radeon Eng Sample: 100-000000263-50_Y,3975
GRID RTX8000-4Q,3961
Radeon Instinct MI25 MxGPU,3955
Radeon RX Vega M GL,3945
GeForce GTX 775M,3940
MacroSilicon USB Display Ryzen 7 6800U,3940
GeForce GTX 570,3937
GRID P6-2Q,3926
A16-2Q,3926
Radeon HD 7850,3903
GeForce GTX 750 Ti,3900
GeForce GTX 780M,3898
GeForce GTX 1050 with Max-Q Design,3898
VNC Mirror Driver,3897
Radeon R9 M390X,3895
GRID M60-8Q,3884
Radeon HD 8970M,3876
GeForce GTX 965M,3876
Matrox LUMA A310F,3873
A16-16Q,3873
nVidia L40S-48Q,3869
Radeon Ryzen 7 Pro 7735U,3865
Radeon 680M,3864
Radeon Ryzen 5 PRO 6650H,3862
A16-4Q,3854
GeForce GTX 880M,3844
EIZO MED-XN43,3843
GRID RTX8000P-2Q,3843
GRID P40-1Q,3839
GRID M60-4Q,3831
GRID V100-2Q,3811
Radeon 840M,3807
T400 4GB,3803
Radeon R9 M485X,3801
GeForce GTX 680MX,3799
GRID T4-2Q,3799
Radeon Ryzen 5 6600HS Creator Edition,3798
FirePro S7150,3770
Barco MXRT 7500,3753
Ryzen 5 Pro 7535U with Radeon Graphics,3750
Ryzen 5 PRO 6650H with Radeon Graphics,3727
GeForce MX450,3717
GRID T4-4Q,3717
A40-4Q,3712
Quadro P620,3709
P102-100,3703
GRID M60-1Q,3695
FirePro W7170M,3694
Ryzen 5 6600HS Creator Edition,3691
Matrox LUMA A310,3690
GRID P40-1B,3690
Radeon Pro WX 4100,3687
Radeon RX 560,3681
Ryzen 5 7535HS with Radeon Graphics,3680
Radeon Pro 560X,3678
Radeon HD 7970M,3678
P104-100,3668
L40S-12A,3660
T400,3625
NVIDIA T500,3620
Ryzen 5 6600H with Radeon Graphics,3580
Quadro K2200,3578
GRID RTX8000-2Q,3574
GeForce GTX 680M KY_Bullet Edition,3569
GRID M6-8Q,3568
VMware Horizon Indirect Display Driver,3565
GeForce GTX 870M,3554
L4-12Q,3544
Ryzen 5 PRO 6650U with Radeon Graphics,3534
Quadro K2200M,3534
Radeon 680M Ryzen 7 Pro 7735U,3531
Ryzen 5 PRO 6650U,3519
Radeon Ryzen 5 6600H,3518
GRID K520,3516
Quadro 7000,3505
Radeon Ryzen 5 PRO 6650U,3489
Radeon Pro 560,3475
Radeon Pro W5500M,3470
GeForce GTX 960A,3465
Radeon Pro 460,3453
A16-1Q,3431
Tesla C2050 / C2070,3428
Radeon RX 560X,3428
GeForce GTX 650 Ti BOOST,3409
Quadro M2000M,3400
GeForce GTX 960M,3374
Radeon HD8970M,3369
Radeon E8870PCIe,3368
GRID P100-8Q,3346
GRID RTX6000P-2B,3343
GeForce GTX 590,3341
Quadro K5100M,3341
Quadro P600,3336
A2-2Q,3331
Ryzen 5 7535U with Radeon Graphics,3324
Radeon Ryzen 5 7533HS,3321
A40-24Q,3318
Radeon Eng Sample: 100-000000546-40_Y,3307
SMI USB Display Ryzen 7 7735HS,3307
GRID P4-2A,3307
GRID T4-1Q,3303
GeForce GTX 750,3295
GeForce GTX 680M,3277
L40S-24Q,3257
Custom GPU 0932,3249
GeForce 770M,3246
Snapdragon X Elite - X1E001DE - Qualcomm Adreno GP,3246
Radeon R9 M470X,3244
GRID P4-4A,3240
Ryzen 5 6600U with Radeon Graphics,3233
Radeon Ryzen 5 7535HS,3208
Radeon 660M Ryzen 5 6600H,3207
GRID P4-8A,3206
Radeon R7 260X,3203
Radeon Ryzen 5 6600U,3200
Radeon R9 M290X,3200
Intel Graphics,3195
Quadro M1200,3190
Tesla C2050,3176
GeForce GTX 470,3166
FirePro V7000,3162
GRID P4-2Q,3162
Radeon Ryzen 5 7535U,3148
Radeon 660M,3143
Tesla K40m,3143
Radeon Pro 555,3141
GeForce GTX 675MX,3137
Radeon R7 360,3124
Tesla C2070,3121
Radeon Ryzen 7 4800H,3119
Radeon HD 6990,3118
Radeon Pro 455,3113
GeForce GTX 860M,3098
Matrox LUMA A310FP,3093
Radeon HD 7790,3090
GeForce GTX 560 Ti,3079
Radeon 660M Ryzen 5 7535HS,3073
DisplayLink USB Device Ryzen 7 5800H,3071
L4-2A,3063
Qualcomm Adreno X1-85 GPU,3054
Radeon R9 260,3048
A10-4Q,3048
Radeon RX 670,3040
EIZO MED-X5000,3038
Radeon R9 360,3032
Tesla C2075,3017
Radeon Ryzen 7 4800HS,3011
Ryzen 9 5900HX with Radeon Graphics,3004
Radeon Ryzen 9 7950X 16-Core,2993
Snapdragon X Elite - X1E84100 - Qualcomm Adreno GP,2981
FirePro W5100,2972
FirePro W5000,2969
Tesla M10,2969
Radeon 740M,2967
Quadro K1200,2958
Custom GPU 0405,2949
GRID K260Q,2949
Radeon Ryzen 7 PRO 5800H,2945
Radeon 660M Ryzen 5 7533HS,2938
GRID M10-4Q,2937
Radeon RX Vega Ryzen 7 5825U,2916
Radeon 610M Ryzen 9 8940HX,2915
GRID P40-1A,2894
Radeon R7 260,2892
Radeon Ryzen 7 PRO 5755G,2886
FirePro M6100 FireGL V,2885
Ryzen 7 PRO 4700G with Radeon Graphics,2880
Radeon Eng Sample: 100-000000295-40_Y,2879
Radeon Pro WX 4170,2870
Radeon Pro V340 MxGPU,2853
Radeon Ryzen 7 5800H,2848
GRID K280Q,2840
Radeon HD 8950,2840
Quadro M1000M,2832
Radeon HD 6970,2830
GeForce MX350,2818
FirePro 3D V9800,2812
Quadro K5000M,2805
Ryzen 7 5800HS with Radeon Graphics,2795
GeForce GTX 770M,2790
Quadro K4100M,2783
GeForce GTX 560,2776
Radeon Ryzen 5 Pro 7535U,2770
Radeon R9 M380,2759
GRID P4-2B4,2754
Quadro M620,2753
NVIDIA A10-4Q,2752
Radeon Ryzen 9 5980HS,2749
Ryzen 7 5800H with Radeon Graphics,2737
GRID K2,2737
Radeon Renoir D1 Ryzen 5 5500U,2731
GRID T4-2B,2730
FirePro V9800,2727
Radeon Pro 450,2723
Quadro K4000,2717
Ryzen 7 5700G with Radeon Graphics,2716
Ryzen 9 4900H with Radeon Graphics,2714
Barco MXRT 5500,2702
Quadro 6000,2699
Radeon RX 550,2693
GRID M10-2Q,2692
RTX Pro 6000 Blackwell DC-12Q,2685
Ryzen 7 Pro 4750G with Radeon Graphics,2682
FirePro W4300,2678
DisplayLink USB Device Ryzen 7 Pro 7735U,2678
Radeon Ryzen 5 150,2667
P106-090,2652
FirePro R5000,2647
GeForce GTX 465,2645
Radeon Eng Sample: 100-000000285-30_Y,2640
GRID P6-4A,2639
MONSTER GeForce GTX 675M,2637
Radeon Pro WX 3100,2613
Radeon HD 8770,2607
Ryzen 7 5700GE with Radeon Graphics,2607
Snapdragon X Plus - X1P64100 - Qualcomm Adreno GPU,2607
Snapdragon X Elite - X1E80100 - Qualcomm Adreno GP,2603
Radeon RX Vega 11 Ryzen 7 3700U,2602
Intel Iris Xe,2600
GeForce GTX 950A,2599
GRID M10-8Q,2595
Radeon Ryzen 9 4950U Mobile,2594
Radeon HD 6950,2594
Radeon Ryzen 7 4700GE,2586
GeForce GTX 950M,2577
Snapdragon X Elite - X1E78100 - Qualcomm Adreno GP,2575
Ryzen 7 PRO 7730U with Radeon Graphics,2567
Radeon Pro,2563
Radeon Ryzen 9 4900H,2555
Radeon Pro WX 4150,2551
Ryzen 7 PRO 4750GE with Radeon Graphics,2550
Ryzen 5 5600GE with Radeon Graphics,2547
Radeon Ryzen 3 PRO 5355G,2544
Radeon Ryzen 7 5800HS,2544
Radeon Ryzen 7 PRO 4750G,2542
GRID K240Q,2541
Ryzen 5 5600G with Radeon Graphics,2539
GeForce GTX 850M,2535
Ryzen 9 5980HS with Radeon Graphics,2534
GeForce GTX 650 Ti,2534
Radeon HD 6850 X2,2534
FireStream 9370,2528
N18E-Q1,2525
Radeon 610M Ryzen 9 8945HX,2522
FirePro M6100,2515
Radeon Ryzen 7 4700G,2511
Ryzen 7 4700GE with Radeon Graphics,2496
DisplayLink USB Device Ryzen 5 Pro 7535U,2493
A40-6Q,2489
Ryzen 5 PRO 5650G with Radeon Graphics,2481
Radeon RX Vega 11 Ryzen 5 3350GE,2480
Barco MXRT 5600,2466
Ryzen 5 PRO 5650GE with Radeon Graphics,2455
GRID M60-4A,2450
FirePro 3D V8800,2438
Ryzen 7 7730U with Radeon Graphics,2433
Radeon Ryzen 7 5825U,2414
Radeon Eng Sample: 100-000000252-50_Y,2411
Radeon Ryzen 5 5500GT,2403
Radeon RX Vega 11 PRD,2402
DameWare Development Mirror Driver 64-bit Ryzen 3,2401
GeForce GT 1030,2400
Radeon Ryzen 7 5800U,2387
GRID M10-1Q,2385
RTX Pro 6000 Blackwell DC-8Q,2383
Moore Threads MTT S80,2381
RadeonT 680M Ryzen 7 6800H,2381
Ryzen 7 PRO 5750GE with Radeon Graphics,2377
Radeon Ryzen 7 PRO 4750GE,2377
Ryzen 5 Pro 4650G with Radeon Graphics,2375
Radeon Ryzen 5 5600GT,2374
Radeon Ryzen 5 5600H,2374
GeForce MX250,2374
Eng Sample: 100-000000562-40_Y,2370
GeForce GTX 485M,2360
FirePro W6150M,2358
Ryzen 7 5825U with Radeon Graphics,2351
Ryzen 7 4800U with Radeon Graphics,2344
GeForce MX330,2337
Radeon RX 550X,2334
Radeon R9 M470,2331
Radeon RX Vega Ryzen 3 5300U,2330
Ryzen 7 PRO 5750G with Radeon Graphics,2328
Radeon RX Vega Ryzen 5 5500U,2320
Ryzen 5 4600G with Radeon Graphics,2317
Radeon RX Vega - Renoir Ryzen 3 5300U,2312
Radeon Ryzen 5 5600GE,2310
Ryzen 7 5800U with Radeon Graphics,2310
Ryzen 5 PRO 4400G with Radeon Graphics,2306
Ryzen 3 PRO 5350G with Radeon Graphics,2304
Radeon Ryzen 5 PRO 5650G,2301
Quadro K3100M,2301
Radeon Ryzen 7 4800U,2299
Ryzen 5 5600H with Radeon Graphics,2297
Radeon Ryzen 5 4400G,2296
Radeon HD 5970,2290
Radeon Ryzen 7 7730U,2286
FirePro V8800,2281
Radeon Ryzen 5 PRO 4655G,2280
Radeon Ryzen 5 PRO 4400G,2273
Radeon Ryzen 7 5800HS Creator Edition,2271
Radeon HD 6970M,2270
Ryzen 5 7430U with Radeon Graphics,2270
Radeon R7 250X,2269
GeForce GTX 460,2267
FirePro V7900,2261
GRID M60-1B,2256
Ryzen 3 4300GE with Radeon Graphics,2255
Ryzen 7 PRO 5850U with Radeon Graphics,2254
Ryzen 7 9700X 8-Core Processor,2251
Radeon RX 640,2251
GeForce MX150,2251
Radeon Ryzen 7 PRO 7730U,2250
Ryzen 5 7530U with Radeon Graphics,2250
Quadro M600M,2249
Radeon 820M,2241
Ryzen 7 5700U with Radeon Graphics,2241
Radeon Pro WX 3200,2232
Radeon Ryzen 7 Microsoft Surface Edition,2230
Radeon Ryzen 5 PRO 5650GE,2225
Ryzen 5 5500GT with Radeon Graphics,2224
GRID P100-1B,2223
RadeonT 660M,2221
A16-1B,2220
Radeon Ryzen 5 4600GE with Radeon Graphics,2217
Radeon Vega 11 Ryzen 5 PRO 3350G,2208
Radeon Ryzen 5 7430U,2205
Quadro K620,2205
Ryzen 5 5600GT with Radeon Graphics,2201
Radeon Ryzen 7 5700U,2200
Radeon HD 6870,2199
Ryzen 7 4700G with Radeon Graphics,2187
Radeon RX 540,2187
Radeon HD 5870,2182
Ryzen 5 PRO 4650GE with Radeon Graphics,2179
Radeon Ryzen 5 PRO 4655GE,2178
Radeon Ryzen 7 PRO 5875U,2178
Radeon HD 7770,2174
Radeon Ryzen 5 7530U,2169
Radeon Ryzen 3 7335U,2166
Ryzen 5 5600U with Radeon Graphics,2151
A16-2B,2151
GRID P4-1B,2151
Radeon Ryzen 7 PRO 4700G,2148
Ryzen 3 PRO 7330U with Radeon Graphics,2144
Radeon Ryzen 5 PRO 5655G,2143
Radeon 660M Ryzen 3 7335U,2141
Radeon Ryzen 7 4850U Mobile,2138
GeForce 945M,2138
Radeon RX Vega 11 Ryzen 5 3400G,2123
Radeon Ryzen 7 PRO 5755GE,2120
GeForce GTX 745,2119
Radeon 550,2119
Ryzen 7 Extreme Edition,2115
Ryzen 7 4800H with Radeon Graphics,2113
Ryzen 5 4600H with Radeon Graphics,2108
Radeon Ryzen 9 7900X 12-Core,2106
Radeon Eng Sample: 100-000000288-40_Y,2103
Ryzen 5 5560U with Radeon Graphics,2098
Radeon RX Vega 11,2092
Radeon Ryzen 5 5600U,2083
Radeon Ryzen 5 PRO 4500U,2078
Radeon Ryzen Embedded V2748,2077
Quadro K4000M,2076
GRID M6-1Q,2069
Ryzen 7 PRO 5875U with Radeon Graphics,2067
GeForce GTX 460 v2,2065
Radeon R9 M385,2061
Radeon TM R9 A360,2060
Quadro 5000M,2060
Ryzen 3 Pro 4350G with Radeon Graphics,2057
Radeon Ryzen 5 5500H,2049
L40S-1Q,2046
Radeon Ryzen 7 4700U,2038
Ryzen 7 4700U with Radeon Graphics,2034
Radeon Ryzen 5 5560U,2030
Ryzen 7 PRO 4750U with Radeon Graphics,2030
Radeon Ryzen 5 Microsoft Surface Edition,2030
FirePro V7800,2028
Intel Iris Pro P580,2026
Radeon Ryzen 5 5625U,2022
Quadro P520,2016
Ryzen 5 PRO 4500U with Radeon Graphics,2008
Radeon Ryzen 5 5500U,2008
Radeon R9 350,2008
GeForce GT 645,2006
Radeon Vega 8 Mobile Ryzen 5 3500U,2006
GeForce GTX 765M,2002
Ryzen 5 5625U with Radeon Graphics,1997
Moore Threads S3000 MTvGPU-1132,1997
Ryzen 3 5300G with Radeon Graphics,1994
Radeon R9 M385X,1994
GeForce GTX 460 SE,1991
Radeon Ryzen 3 PRO 7335U,1983
Radeon R7 + R7 350 Dual,1982
Ryzen 3 7335U with Radeon Graphics,1980
Radeon Vega 11 Ryzen 5 PRO 3400G,1979
GeForce GTX 670MX,1978
Ryzen 5 PRO 5650U with Radeon Graphics,1973
Ryzen 5 5500U with Radeon Graphics,1971
Radeon RX Vega 11 Ryzen 5 3400GE,1971
Ryzen 3 5300GE with Radeon Graphics,1968
Radeon Ryzen 7 PRO 4750U,1966
Intel Iris Pro 580,1965
Quadro 5000,1964
Radeon R7 + HD 7700 Dual,1962
Radeon HD 7660D + HD 7700 Dual,1958
GeForce GTX 470M,1953
Radeon Ryzen 3 PRO 5355GE,1952
Qualcomm Adreno 8cx Gen 3,1951
Radeon HD 5850,1943
Ryzen 3 PRO 4350GE with Radeon Graphics,1938
Radeon Ryzen Embedded V2718,1935
Qualcomm Adreno 8cx Gen 3 GPU,1933
Radeon HD 6850,1930
Radeon Ryzen 7 7700X 8-Core,1928
Quadro M520,1924
Radeon RX 570X,1923
Radeon HD 7560D + 7700 Dual,1919
DisplayLink USB Device Ryzen 7 5700U,1917
RadeonT RX Vega 11,1917
Radeon Vega 8 Ryzen 3 3200GE,1916
Moore Threads MTT S70,1915
DisplayLink USB Device Ryzen 5 3550H,1913
Radeon Pro WX 4130,1909
Intel UHD Graphics 770,1907
Radeon HD 7700-serie,1899
Qualcomm Adreno X1-45 GPU,1898
Ryzen 5 4600U with Radeon Graphics,1897
Ryzen 5 PRO 7530U with Radeon Graphics,1894
Radeon Pro WX 2100,1894
RadeonT Vega 8,1894
Radeon HD 8670D + HD 7700 Dual,1892
GeForce GTX 645,1878
Radeon R7 450,1875
Radeon RX Vega 11 Ryzen 5 3350G,1874
FirePro M5100,1874
Radeon RX 7500,1873
Intel HD 5600,1869
FirePro 3D V7800,1867
Radeon Vega 8 Ryzen 5 3550H,1866
Radeon Vega 11,1864
Intel Iris Xe MAX 100,1864
Radeon Ryzen 3 PRO 7330U,1860
Ryzen 5 9600X 6-Core Processor,1859
GeForce GTX 570M,1859
Intel Iris Xe MAX,1858
GeForce GTX 675M,1857
Radeon RX Vega 11 Ryzen 7 3750H,1856
Radeon Ryzen 9 7900 12-Core,1855
GeForce 945A,1852
GeForce GTX 580M,1851
Radeon Ryzen 5 PRO 5675U,1847
GeForce GTX 560 SE,1847
Embedded Radeon E9173,1846
FirePro M5100 FireGL V,1839
GRID M60-0B,1838
Radeon RX Vega 10 Ryzen 7 3750H,1838
Radeon Ryzen 7 7800X3D 8-Core,1837
Radeon HD 8570D + HD 7700 Dual,1835
Ryzen 7 9800X3D 8-Core Processor,1830
FirePro M6000,1820
GeForce MX230,1815
Radeon R9 M360,1813
Matrox C900 PCIe x16,1812
Radeon Vega 11 Ryzen 5 PRO 3350GE,1811
ICE DISPLAY WDDM DRIVER,1805
Radeon 610M Ryzen 9 7945HX,1804
Matrox C680 PCIe x16,1803
Ryzen 5 4500U with Radeon Graphics,1801
GeForce MX130,1801
Radeon HD 8870M / R9 M270X / M370X,1800
Ryzen 3 PRO 4200G with Radeon Graphics,1799
Firepro W5170M,1792
Ryzen 3 PRO 5350GE with Radeon Graphics,1789
Radeon HD 8670D + 7700 Dual,1789
Radeon R7 M465X,1787
Radeon RX Vega 11 Processor,1786
Intel Iris Plus,1783
Radeon RX Vega 10 Ryzen 5 3500U,1778
Ryzen 9 9950X 16-Core Processor,1770
PCI\VEN_1002&DEV_164E&SUBSYS_D0001458&REV_C6 Ryzen,1769
Radeon Ryzen 9 7900X3D 12-Core,1764
Radeon Vega 3 Mobile Ryzen 5 3500U,1764
Intel UHD 770#0x1c005d839205d7e9#,1759
Intel UHD Graphics P630,1759
GeForce GTX 650,1758
Ryzen 3 PRO 4200GE with Radeon Graphics,1748
Intel Iris Plus 645,1744
Radeon Ryzen 5 PRO 5655GE,1740
FirePro M6000 Mobility Pro,1740
GeForce GTX 760M,1740
Intel Iris P555,1737
Ryzen 9 9900X 12-Core Processor,1729
GeForce GT 755M,1729
Radeon HD HD7850M,1727
Radeon HD 5830,1724
Intel Iris Plus 655,1724
Radeon R9 M375X,1724
Ryzen 5 PRO 5675U with Radeon Graphics,1720
Radeon Ryzen Embedded V2516,1715
GeForce GTX 670M,1712
Ryzen 3 4300G with Radeon Graphics,1710
Radeon HD 7750,1705
Radeon Ryzen 3 PRO 5475U,1704
PCI GDIHOOK5,1703
FirePro W600,1695
Radeon HD 6900M,1695
Ryzen 3 7330U with Radeon Graphics,1693
Ryzen 3 5425U with Radeon Graphics,1691
Ryzen 5 PRO 4650U with Radeon Graphics,1691
Quadro 5010M,1691
Radeon Vega 8 Ryzen 3 3200G,1688
Intel UHD Graphics 750,1687
PCI\VEN_1002&DEV_164E&SUBSYS_D0001458&REV_C2 Ryzen,1681
Radeon E8860,1681
Radeon Ryzen 5 7600 6-Core,1676
L4-2B,1675
Radeon R7 M380,1669
Intel UHD Graphics P750,1669
Quadro P400,1668
Radeon EPYC 4584PX 16-Core,1662
Radeon Ryzen 7 PRO 7745 8-Core,1661
Radeon 610M Ryzen 9 7945HX3D,1660
PCI\VEN_1002&DEV_164E&SUBSYS_D0001458&REV_C3 Ryzen,1654
GeForce GTX 480M,1653
Quadro P500,1651
EIZO Quadro MED-XN31LP,1648
VRVD5 Ryzen 5 5600U,1647
GRID M10-2B,1644
Radeon Ryzen 5 7600X3D 6-Core,1643
Radeon Ryzen 7 7700 8-Core,1639
Radeon HD 8870M,1638
Radeon Ryzen 9 7950X3D 16-Core,1638
Radeon RX Vega 10,1629
FirePro M4000 Mobility Pro,1625
Quadro K3000M,1623
Radeon Ryzen 3 PRO 4355GE,1622
Radeon Vega 8 Ryzen 5 3580U,1621
Radeon EPYC 4484PX 12-Core,1620
Radeon 630,1620
Ryzen 3 PRO 5450U with Radeon Graphics,1617
Ryzen 7 2700U with Radeon Vega,1617
Radeon Ryzen 7 7745HX,1614
Radeon Ryzen Embedded R2544,1612
Radeon Ryzen 9 5900H,1610
Quadro K2000D,1609
Radeon Ryzen 5 PRO 7645 6-Core,1607
Radeon RX Vega11 Ryzen 7 3750H,1607
Radeon RX Vega11,1605
DisplayLink USB Device Ryzen 7 3750H,1605
Seria Radeon HD 7700,1604
GeForce GTX 555,1602
Radeon 540X,1602
Ryzen 3 5400U with Radeon Graphics,1600
Radeon Ryzen 5 7600X 6-Core,1600
Radeon RX 5700m 8GB 256 bit Ryzen 5 5600U,1599
Radeon Ryzen 9 PRO 7945 12-Core,1597
Intel Iris Plus 650,1597
Radeon R9 M275X,1596
Intel Iris Pro P6300,1592
Radeon Ryzen 5 PRO 7445 6-Core,1592
FirePro M4000,1592
Radeon Vega 9,1588
Quadro K2000,1583
Citrix Indirect Display Adapter,1582
Radeon HD 6790,1576
Radeon R9 M275X / M375,1575
Radeon R9 M370X,1575
Radeon Athlon Gold PRO 4150GE,1574
Radeon Vega 9 Ryzen 5 3550H,1572
Radeon Vega 8,1565
Red Hat VirtIO GPU DOD controller,1565
Radeon 610M Ryzen 9 7940HX,1562
Radeon Ryzen 3 PRO 5450U,1560
GeForce GTX 550 Ti,1559
Radeon HD 7560D + HD 6670 Dual,1555
Radeon HD 4890,1546
Radeon HD 8470D + HD 7500 Dual,1545
Ryzen 3 PRO 4300U with Radeon Graphics,1543
Intel UHD Graphics 730,1542
Radeon Ryzen 3 5425U,1541
FirePro V8700,1539
Ryzen 3 5300U with Radeon Graphics,1539
Radeon Vega 10 Mobile,1535
Radeon Vega 9 Ryzen 5 Microsoft Surface Edition,1531
Intel UHD Graphics,1526
Intel Iris Pro Graphics 6200,1524
Radeon Ryzen 3 7330U,1522
RTXA5000-6Q,1522
Radeon RX Vega 8,1514
Radeon Ryzen 3 5300U,1512
Radeon HD 7870M,1507
Radeon Ryzen 5 7400 6-Core,1506
GeForce 940MX,1506
GRID M10-1B,1504
Ryzen 5 2500U with Radeon Vega,1503
Radeon RX Vega11 Ryzen 7 Microsoft Surface Edition,1503
A40-2Q,1503
GeForce 845M,1500
Radeon HD 6670 + 7660D Dual,1492
FirePro W4100,1492
Radeon RX Vega 6,1492
Radeon HD 7660D + HD 6670 Dual,1485
Radeon Vega 10,1484
Radeon R9 M365X,1482
OrayIddDriver Device Ryzen 5 3400G,1478
Radeon 550X,1478
GeForce GTX 285,1477
Quadro 4000,1471
Radeon 540,1465
Radeon RX Vega 10 Ryzen 7 3700U,1464
Intel Iris 550,1463
Radeon Ryzen 5 7500X3D 6-Core,1462
FirePro W5130M,1454
Radeon EPYC 4344P 8-Core,1449
Ryzen 3 PRO 4450U with Radeon Graphics,1448
Radeon Vega 8 Mobile,1447
Ryzen 5 PRO 4400GE with Radeon Graphics,1442
GeForce GTX 660M,1439
Radeon HD 8470D + HD 6670 Dual,1436
Radeon Ryzen Embedded V2546,1435
Intel Iris 650,1433
Ryzen 3 PRO 5475U with Radeon Graphics,1432
Radeon HD 7560D + 7670 Dual,1426
GeForce GT 740,1421
Radeon R7 M370,1418
GeForce MX110,1412
Radeon Vega 8 Ryzen 5 3500C,1410
Radeon Vega 8 Ryzen 3 PRO 3200G,1408
Radeon Vega 6 Ryzen 3 3350U,1400
Radeon R9 255,1391
Radeon HD 4870,1386
Radeon EPYC 4464P 12-Core,1384
Radeon HD 7560D + HD 7670 Dual,1380
Radeon Vega 8 Ryzen 5 3501U,1377
Radeon HD 7850M,1373
Quadro K2100M,1372
Ryzen 3 4300U with Radeon Graphics,1367
FirePro M40003,1364
Radeon HD 8670D + 6670 Dual,1361
Intel Iris Plus 640,1361
Radeon Vega 8 Ryzen 5 3500U,1360
GeForce GTX 275,1350
Radeon HD 5770,1349
GeForce GTS 450,1348
Radeon HD 7560D + HD 7700 Dual,1347
Radeon Ryzen Embedded R2514,1344
FireStream 9270,1341
Radeon 610M Ryzen 7 8745HX,1336
Radeon Vega 6 Ryzen 3 3300U,1331
GeForce GT 750M,1329
Radeon R7 FX-9830P RADEON,1328
Radeon HD 8670D + HD 7600 Dual,1318
FirePro M5950,1314
Radeon Vega 6,1314
Radeon 610M,1314
Radeon Vega 8 Ryzen 5 3450U,1312
Radeon HD 4870 X2,1309
Radeon HD 8790M,1306
Tesla M2070-Q,1306
TENSOR 1.0 Driver Intel HD 630,1300
Quadro 4000M,1295
GeForce GTX 280,1294
"Radeon R7 PRO A6-9500 R5, 8 COMPUTE CORES 2C+6G",1293
GeForce GTX 560M,1289
Intel HD P630,1283
MxGPU,1282
Radeon R7 A370,1281
MS Idd Device,1277
Intel Iris 540,1276
Fresco Logic IDDCX Adapter,1276
GeForce 930MX,1273
FirePro 3D V8750,1272
GRID V100-16Q,1272
Radeon Ryzen 5 3550H,1271
Radeon HD 6770,1270
Ryzen3 5300U Ryzen 3 5300U,1268
Radeon with 3 5300U Ryzen 3 5300U,1266
L4-1B,1264
Radeon Ryzen Embedded R2314,1262
Radeon HD 8570D + HD 6670 Dual,1261
Mirage Driver,1261
Radeon EPYC 4124P 4-Core,1260
Radeon HD 7560D + HD 7600 Dual,1258
Quadro 2000 D,1239
Radeon HD 8570D + 6570 Dual,1239
GRID P4-2B,1239
Radeon HD 7660D + 6670 Dual,1238
Radeon HD 7560D + HD 6570 Dual,1237
Radeon R7 + R5 340 Dual,1235
Radeon R7 + R7 250 Dual,1232
FirePro V5900,1232
FirePro 3D V5800,1232
Intel UHD Graphics 630,1228
Radeon EPYC 4564P 16-Core,1226
GeForce GT 745A,1226
Radeon HD 8670D + HD 6670 Dual,1222
GeForce GTX 460M,1222
GeForce GTX 295,1221
GeForce 930A,1218
Radeon HD 8790M / R9 M290X,1211
Quadro FX 5800,1211
FirePro 3D V8700,1206
N16P-GX,1205
Radeon HD 7660D + 7540D Dual,1204
Radeon R9 M270X,1204
GeForce GTX 260,1202
Radeon HD 7750M,1191
Radeon R7 +8G,1191
FirePro V5800,1184
GeForce GT 650M,1182
FirePro M4170,1182
Intel Iris Pro 5200,1177
Firepro W4190M,1177
Radeon R9 M265X,1176
Quadro M500M,1176
Radeon HD 5750,1175
Quadro K620M,1175
GeForce 830A,1173
Radeon RX Vega 10 Ryzen 7 3700C,1166
FireStream 9250,1165
GeForce GT 640,1165
Radeon HD 7730,1163
Barco MXRT 5400,1161
GRID T4-1B,1160
Intel Coffee Lake UHD,1158
Intel HD P530,1154
GeForce GPU,1154
NVS 810,1147
Radeon R7 A8-7690K,1141
Radeon HD 8850M / R9 M265X,1140
Radeon Ryzen 7 3700U,1136
GeForce 940M,1133
Radeon HD 4850 X2,1132
Radeon HD 7560D + 6670 Dual,1131
Radeon HD 8650G + 7700M Dual,1126
GeForce GT 545,1123
Radeon HD 7660D + 7500 Dual,1121
Radeon EPYC 4244P 6-Core,1121
Radeon R9 M275,1115
GeForce 940A,1114
Intel HD 630,1112
Radeon Ryzen 5 3450U,1109
Radeon R7 M465,1105
Radeon R7 Opteron X3421,1104
Quadro 2100M,1100
Radeon HD 7660D + 6570 Dual,1100
GeForce 840M,1098
Radeon R5 PRO A6-9500 2C+6G,1096
GeForce GTX 850M - MODDED,1092
Radeon Vega 3 Athlon Gold 3150G,1089
Quadro K1100M,1088
Qualcomm Adreno 690 GPU,1088
Radeon R7 430,1086
GeForce 840A,1082
MIRRORV3,1081
Radeon R7 M350,1081
Barco MXRT 5450,1079
GeForce GT 745M,1078
Radeon R7 + R7 200 Dual,1077
Mobility Radeon HD 5870,1077
Radeon R7 A12-9800 RADEON,1072
Radeon R7 M460,1072
GeForce GTX 760A,1071
Radeon HD 8450G + 8600/8700M Dual,1070
A16-16A,1069
RadeonT 610M,1066
Radeon HD 8750M,1064
Radeon HD 7660D + 7670 Dual,1062
Radeon HD 7520G + 7700M Dual,1061
Firepro M4100,1059
Intel UHD 770,1058
GeForce 920MX,1057
Radeon R7 A10-7870K,1054
Radeon 625,1054
GRID RTX8000P-1B,1054
OPAL XT/GL,1053
Radeon Vega 3 Mobile,1053
FirePro W4170M,1053
Radeon HD 7670A,1050
Intel UHD Graphics 710,1050
Radeon 535,1050
Radeon R7 250,1049
Radeon R7 + R7 240 Dual,1045
Radeon Ryzen 3 3300U,1042
Intel UHD Graphics 620,1041
Radeon HD 8570D + 6670 Dual,1040
FirePro M4150,1038
Radeon HD 6750,1034
Radeon 530,1034
Radeon HD 8570D + HD 8570 Dual,1033
Radeon HD 8600/8700M,1030
Radeon R7 + R5 330 Dual,1028
Radeon R9 A375,1024
Radeon HD 8670D + R7 240 Dual,1020
Radeon HD 6700M,1017
Radeon R5 A6-9500E 2C+4G,1015
GeForce 930M,1013
Radeon HD 7690M XT,1009
Radeon R7 M260X,1009
Quadro FX 4800,1008
Glenfly Arise-GT-10C0,1007
Quadro 3000M,1007
Sharing Monitor,1007
FirePro V4900,1003
Radeon HD 7660G + HD 7500/7600 7500/7600 Dual,1002
Radeon R9 M375,1002
GeForce 830M,1001
Radeon HD 8570D + R7 200 Dual,999
Radeon HD 7660G + HD 7500M/7600M Dual,999
Radeon HD 7640G + HD 8750M Dual,997
Radeon R7 A10-7890K,997
Quadro K2000M,996
Intel HD 530,989
DisplayLink USB Device Ryzen 5 5625U,988
Radeon HD 7560D + 7570 Dual,985
Radeon HD 8690M,984
Radeon HD 7560D + 7560D Dual,983
Quadro 2000D,980
Radeon R7 PRO A8-8670E,978
Radeon R7 A265,977
Radeon R5 A10-9630P 4C+6G,977
Radeon R7 A12-9730P RADEON,976
Radeon HD 8670D + 8570 Dual,974
Radeon R7 PRO A12-8870,974
Radeon HD 8850M,973
GeForce GT 1010,972
Radeon R6 A10-9600P 4C+6G,970
Radeon HD 7660G N HD 7660G + HD 7700M N HD 7700M D,967
Radeon HD 6770M,964
Radeon HD 8570D + R7 240 Dual,964
Radeon R7 M270DX,962
Radeon Vega 3 Ryzen Embedded R1606G,959
TENSOR 1.0 Driver Intel HD 530,958
"Radeon R5 PRO A6-8570 R5, 8 COMPUTE CORES 2C+6G",957
Radeon R6 Opteron X3418,955
Radeon R7 340,953
Radeon HD 8670D + R7 200 Dual,950
Radeon Vega 3 Athlon 300GE,950
Radeon HD 8570 + HD 7660D Dual,949
GeForce GT 645M,948
Quadro CX,947
Radeon HD 4850,947
Radeon HD 7640G + 7690M Dual,946
Radeon HD 6670/7670,946
Radeon Vega 3 Athlon 3000G,946
Radeon R7 M445,946
Radeon R7 PRO A10-8850B,945
Quadro 2000,945
zxcvIntel HD 620,944
Radeon R7 A12-9800E RADEON,943
Radeon HD 7660D + R7 240 Dual,942
Radeon R7 PRO A12-9800,940
Radeon HD 8570,939
Radeon R7 PRO A12-9800E,939
Radeon HD 6750M,937
Radeon 620,937
Radeon HD 7560D + HD 8570 Dual,936
Radeon HD 7660G + 7730M Dual,931
Radeon R7 240 + HD 8670D Dual,930
Radeon R7 PRO A10-8770,926
Intel Iris Pro 6100,925
Qualcomm Adreno 685 GPU,922
Radeon Vega 3 Athlon Gold PRO 3150GE,920
Radeon R7 A10-7850K,919
Radeon R7 PRO A10-9700E,919
Radeon R7 240 + HD 8570D Dual,918
Intel HD Graphics 620,918
"Radeon R5 A6-9500 RADEON R5, 8 COMPUTE CORES 2C+6G",915
GRID M6-0B,912
GRID K220Q,912
Radeon 6750M,911
Radeon HD 4770,909
Radeon RX Vega 6 Ryzen 3 3200U,906
Radeon R7 M440,906
Qualcomm Adreno 680 GPU,905
GRID P40-6Q,905
Barco MXRT 7400,901
Radeon HD 8550G + 7600M Dual,901
Intel Iris 6100,901
Barco MXRT 2600,900
Radeon R7 240,900
Radeon R7 + R5 Dual,898
Radeon R7 A10-9700 RADEON,895
7900 MOD - Radeon HD 6550D,893
Radeon Vega 3,893
Radeon R7 PRO A12-8870E,889
Radeon R7 A10-9700E RADEON,887
Radeon R7 + R5 435 Dual A10-9700 RADEON,886
GeForce GT 640M,885
Radeon HD 8650G + 7670M Dual,884
Radeon R5 430,883
Radeon 520,883
Radeon HD 7660G + HD 7730M Dual,882
Intel HD 6000,879
GRID M10-0B,871
Radeon R7 G,870
Radeon R5 M435,870
Radeon R7 A10-7860K,869
Radeon HD 8570D + HD 6570 Dual,868
Mobility Radeon HD 4850,866
Radeon HD 4830,866
Radeon HD 8470D + HD 6450 Dual,863
Radeon R7 A8-9600 RADEON,861
Intel HD 520,860
Radeon R5 340,857
Radeon R7 A10-8750,856
FirePro 3D V4800,854
Radeon HD 8500M/8700M,853
Radeon R7 A8-7500 4C+6G,853
Radeon R5 A6-9500 2C+6G,853
Radeon E6760,850
Radeon R7 A8-7670K,850
Radeon R7 M365X,849
FirePro W2100,848
Radeon R5 PRO A6-8570 2C+6G,847
Radeon R7 PRO A8-9600,844
Radeon Vega 3 Ryzen 3 3200U,843
"Radeon R5 A10-9630P RADEON R5, 10 COMPUTE CORES 4C",840
FireGL V8600,839
Radeon HD 8470D + 6570 Dual,838
Radeon HD 8730M,838
Radeon HD 8670D + R5 235 Dual,837
Radeon Vega 3 Athlon Gold PRO 3150G,837
Radeon HD 6650A,836
Radeon HD 7560D + 6570 Dual,833
Radeon HD 8650G + 8600/8700M Dual,832
Radeon HD 7520G + HD 7500/7600 Dual,832
Radeon HD 7690M,832
Radeon HD 7660G + 7600M Dual,832
Intel HD 5200,830
GRID M60-0Q,827
Radeon R7 FX-8800P,827
GeForce GT 730,825
Quadro FX 3800,825
Radeon HD 7640G N HD 7640G + HD 7600M N HD 7600M D,824
Radeon HD 7540D + 7500 Dual,822
Radeon HD 3850 X2,822
Radeon R7 A10 PRO-7850B,822
Radeon HD 8650G + HD 7600M Dual,820
Radeon HD 8550G + HD 8750M Dual,819
Radeon R7 PRO A10-9700,818
GeForce 920A,818
Radeon R7 M260DX,817
Radeon Ryzen 3 3200U,816
Intel UHD Graphics 617,816
Radeon R9 M280X,814
Radeon HD 8670D + 7000 Dual,812
Radeon R7 A8-7500,811
GeForce GT 635,810
GeForce GT 730M,808
Radeon R7 A10 Extreme Edition,806
Radeon HD 8550G + 8600/8700M Dual,803
Radeon Ryzen 3 3500U,803
Radeon EPYC 4364P 8-Core,802
Radeon HD 8650G + HD 8790M Dual,800
Radeon HD 5670,800
Radeon R8 M445DX,797
GRID M10-0Q,796
Radeon HD 8650G N HD 8650G + HD 8600/8700M Dual,796
Radeon HD 8550G + 8750M Dual,796
Radeon HD 7670,796
Radeon Vega 3 Athlon 300U,794
GeForce GT 445M,790
Radeon R7 PRO A10-8770E,790
Radeon HD 7730M,788
Radeon HD 8650G + 8750M Dual,787
Radeon R7 M270,785
Radeon Ryzen 3 3250U,783
Radeon R7 A365,781
Radeon R7 PRO A6-9500 2C+6G,781
Qualcomm Adreno 7c Gen 3 GPU,778
Radeon R7 A8-7680,777
Radeon HD 7660G + HD 7700M Dual,777
Radeon HD 7640G + 7500M/7600M Dual,776
Radeon HD 4810,775
GeForce GT 740M,775
Mobility Radeon HD 5000,773
Radeon HD 8650G N HD 8650G + HD 8570M Dual,773
Radeon HD 7600M + 7600M Dual,773
Radeon R7 A10-8850,773
Radeon HD 6650M,772
Radeon R5 PRO A6-9500E 2C+4G,771
GeForce GT 440,771
Radeon R7 PRO A10-8750B,771
Radeon 535DX,771
Radeon R7 A10-7700K,770
GeForce 9800 GTX,769
Radeon Athlon Gold 3150U,769
Radeon R7 A8-7600,768
GeForce GTX 850A,767
GeForce 730A,765
Radeon HD 8650G + HD 8600/8700M Dual,764
Radeon HD 6450 + 8470D Dual,763
Mobility Radeon HD 5850,763
"Radeon R5 PRO A6-9500 R5, 8 COMPUTE CORES 2C+6G",761
Radeon HD 7660G + HD 7500/7600 Dual,760
Radeon R5 435,760
Quadro 2000M,760
Radeon Vega 3 Athlon Silver 3050U,759
Radeon HD 8650G + HD 8600M N HD 8600M Dual,758
Radeon HD 7660G + HD 8500M Dual,758
Radeon HD 7660G + 7700M Dual,757
Quadro 1100M,755
Radeon HD 7640G + 7450M Dual,754
Radeon R7 A8-7650K,754
Radeon HD 8570D + HD 7000 Dual,753
Radeon R7 FX-9800P RADEON,753
IncrediblE HD 4600,750
Radeon M535DX,750
GeForce 825M,750
Radeon HD 7660G + HD 8600/8700M Dual,747
Quadro K1000M,747
Radeon HD 7640G + 7650M Dual,747
Radeon HD 8670D + R5 330 Dual,746
Radeon HD 7660G + 7610M Dual,746
Radeon HD 6800M,746
Radeon R5 235 + HD 7560D Dual,744
GeForce GT 730A,743
Radeon HD 7660G + 7670M Dual,743
Radeon HD 8650G + 7600M Dual,742
RadeonT Athlon Silver 3050e,742
Radeon R7 A10-7800,742
A40,741
Intel Poison Ivy,739
Radeon R5 235 + HD 8570D Dual,738
Radeon HD 7670M + 7670M Dual,738
GeForce GT 340,738
Radeon R7 A12-9720P RADEON,736
Radeon R7 PRO A8-8650B,734
Radeon Vega 3 Athlon 320GE,733
Intel Iris 5100,732
Radeon R5 A10-9620P 4C+6G,732
Radeon HD 6670,730
GRID P4-1Q,730
Radeon HD 7550M/7650M,729
Radeon Vega 3 Ryzen Embedded R1505G,729
GRID K140Q,728
Radeon HD 8650G + R5 M200 Dual,723
Radeon HD 7660G N HD 7660G + HD 7600M N HD 7600M D,723
Quadro K420,722
Asus GTX 650 FML II EC-EGPU,721
"Radeon R5 A6-9500E RADEON R5, 6 COMPUTE CORES 2C+4",721
Radeon HD 7540D + 6570 Dual,720
Mobility Radeon HD 4870,720
Radeon HD 8670D + HD 7000 Dual,719
Radeon R7 A8-8650,719
Radeon HD 8470D + 6450 Dual,717
Quadro K600,717
Radeon R7 A10 PRO-7800B,717
Intel UHD Graphics 615,717
Radeon HD 8650G + HD 8570M Dual,716
GeForce 920M,716
Quadro K610M,713
Radeon HD 7660G + HD 8670M Dual,711
GeForce GT 740A,710
Radeon HD 6550A,708
Radeon HD 7660G + HD 7670M Dual,707
Qualcomm Adreno 7c+ Gen 3,707
Radeon HD 7640G + 7600M Dual,706
Radeon HD 7660G N HD 7660G + HD 7670M Dual,705
Radeon HD 7640G + HD 7600M Dual,704
"Radeon R5 A10-9600P RADEON R5, 10 COMPUTE CORES 4C",700
Radeon HD 7570M/HD 7670M,699
Radeon R5 PRO A10-8730B 4C+6G,695
Radeon R5 PRO A6-9500B 2C+4G,693
Radeon HD 7640G + 7700M Dual,691
Radeon R5 PRO A6-8530B 2C+4G,690
Radeon HD 7640G + 8600/8700M Dual,689
GeForce GT 640M LE,689
Intel HD 615,687
Radeon HD 8650G + R5 M230 Dual,686
Radeon HD 6630M,685
GeForce GT 630,685
Radeon R7 A12-9700P RADEON,685
Intel UHD Graphics 610,684
Radeon Vega 3 Ryzen 3 3250U,683
Radeon R7 PRO A12-9800B,683
Radeon HD 8650G N HD 8650G + HD 8600M N HD 8600M D,680
Radeon HD 7640G N HD 7640G + HD 7670M Dual,680
GeForce GTS 160M,679
NVS 510,677
Radeon HD 7640G + HD 8670M Dual,677
Quadro FX 4700 X2,676
Radeon HD 8610G + R5 M200 Dual,676
Radeon Athlon Silver 3050U,674
Radeon R5 A6-7480,674
Radeon Vega 3 Athlon Gold 3150U,672
Intel HD 610,672
Radeon R8 M535DX,670
Radeon HD 7640G + HD 8500M N HD 8500M Dual,666
FirePro M7740,665
Radeon HD 8550G + 8690M Dual,664
GeForce GT 720,662
FireGL V7700,660
Radeon HD 2900 XT,660
GeForce GT 735M,660
Radeon R5 PRO A8-9600B 4C+6G,659
Mi Pad 5 Adreno 640 GPU,659
GeForce GT 140,658
GRID RTX6000-2Q,656
Radeon HD 7640G + 8750M Dual,655
Radeon HD 8550G + HD 8600/8700M Dual,655
Radeon HD 8650G + 8570M Dual,654
Intel HD 4600 manual-gen9_2015-134121,653
GeForce GT 530,653
Radeon HD 8650G + HD 8750M Dual,652
"Radeon R5 A10-9620P RADEON R5, 10 COMPUTE CORES 4C",652
Radeon HD 7520G + HD 8750M Dual,651
GRID K1,651
GeForce GTX 280M,651
SUMO 9640,650
Mirage Driver Athlon Gold 3150U,650
Radeon R5 M430,649
GeForce GT 555M,648
Radeon HD 6670 + 6670 Dual,647
FireStream 9170,647
Radeon R8 M365DX,647
Radeon HD 8610G + HD 8500M Dual,646
Radeon HD 7640G + 7670M Dual,645
Radeon R7 M340,645
Radeon HD 7540D + HD 6450 Dual,643
GeForce 8800 Ultra,643
Quadro K510M,641
Radeon R7 A8 PRO-7600B,639
Radeon R5 PRO A6-8570E 2C+4G,638
Radeon HD 8450G + 8750M Dual,637
Radeon HD 7640G + 7400M Dual,637
GeForce 9800 S,636
Intel HD 515,636
Radeon HD 8650G + 8670M Dual,635
Radeon HD 7660D + HD 7000 Dual,634
Radeon HD 8650G + HD 7670M Dual,634
"Radeon R5 PRO A6-8570E R5, 6 COMPUTE CORES 2C+4G",633
Radeon HD 7610M,632
Intel HD 4600,632
Radeon HD 7660G + 7470M Dual,631
Radeon HD 7640G + HD 7700M N HD 7700M Dual,631
GeForce GTS 360M,631
Intel HD P4600/P4700,630
Radeon HD 8510G + HD 8500M Dual,630
Radeon R7 PRO A10-9700B,629
Radeon HD 2900 PRO,628
GRID K160Q,628
FirePro V3900,628
Radeon HD 8650G + 8500M Dual,627
Radeon HD 7640G + 7500/7600 Dual,627
Radeon HD 7520G + HD 8600/8700M Dual,624
Radeon HD 7570,624
Radeon Ryzen Embedded R2312,622
Intel HD 510,622
Radeon HD 8570 + 8670D Dual,620
Radeon HD 8550G + R5 M200 Dual,619
GeForce GT 710,619
Radeon R5 A10-9600P 4C+6G,619
Radeon HD 8550G + 8600M Dual,618
Radeon HD 7500G + 7500M/7600M Dual,617
FireGL V7600,616
Radeon R7 A360,616
Intel UHD 630,615
NVS 5400M,614
Radeon HD 8650G + 8600M Dual,613
GeForce 9800 GX2,613
GeForce 810A,612
Radeon HD 8550G N HD 8550G + HD 8600M N HD 8600M D,612
7900 MOD - Radeon HD 6520G,610
Radeon HD 8610G + 8500M Dual,610
Radeon HD 5600/5700,609
Radeon R6,609
Radeon HD 7640G + HD 8500M Dual,607
Radeon HD 8650G + HD 8600M Dual,606
"Radeon R5 A6-9400 RADEON R5, 6 COMPUTE CORES 2C+4G",605
Radeon R6 M255DX,605
Radeon HD 8550G + 8500M Dual,603
Radeon HD 8610G + 8670M Dual,600
Radeon R7 PRO A12-8800B,599
"Radeon R5 PRO A10-8730B R5, 10 COMPUTE CORES 4C+6G",598
GeForce 910M,598
Matrox C420 LP PCIe x16,597
Intel HD 5500,597
GeForce GT 430,597
Radeon R5 M330,596
Radeon HD 8510G + 8500M Dual,596
Radeon HD 7640G + 7470M Dual,595
Radeon HD 8550G + HD 8600M Dual,594
Surface Duo Adreno 640 GPU,592
Radeon HD 7520G + 7600M Dual,591
Intel HD 5000,591
Radeon R7 M360,591
Radeon HD 8610G + 8600M Dual,589
Radeon HD 7640G + HD 7700M Dual,589
Radeon R7 A10-8780P,589
Radeon HD 7660G + 8670M Dual,588
Radeon HD 7660G + 7400M Dual,588
Radeon HD 7520G + 7610M Dual,588
Radeon HD 7640G + HD 8600/8700M Dual,587
Radeon R5 A6-8500P,587
Radeon HD 3870 X2,587
Radeon HD 7640G + 8500M Dual,586
Radeon HD 8650G + HD 8670M Dual,585
XiaoMi 9 Adreno 640 GPU,585
GeForce GTX 285M,584
Radeon R7 A8-7A8-7600,583
Radeon HD 7520G + 7500/7600 Dual,582
RadeonT Ryzen 3 3250U,582
Radeon Vega 3 Ryzen Embedded R1305G,581
"Radeon R6 PRO A8-8600B R6, 10 Compute Cores 4C+6G",581
Moore Threads MTT S30,580
Radeon R7 PRO A12-8830B,580
Radeon HD 8550G + 8670M Dual,579
TRINITY DEVASTATOR MOBILE,579
Radeon HD 8450G + R5 M230 Dual,578
Radeon HD 8610G + HD 8670M Dual,578
Intel Skylake HD DT GT2,577
Radeon HD 7620G + 8670M Dual,577
GeForce 720A,577
Radeon HD 7640G + HD 7400M Dual,577
Radeon R5 A240,576
Radeon HD 7520G + HD 7700M Dual,575
Radeon HD 7520G N HD 7520G + HD 7500/7600 7500/760,575
Radeon R5 420,575
Quadro 500M,571
Radeon R6 + R7 M265DX Dual,571
Radeon R7 M265,571
GeForce 9800 GTX/9800 GTX+,571
Radeon HD 7560D + 6450 Dual,569
"Radeon R5 PRO A8-9600B R5, 10 COMPUTE CORES 4C+6G",569
Radeon HD 7660G + HD 7600M Dual,568
Radeon HD 8550D,567
GeForce GT 720A,567
Radeon HD 6610M,565
Radeon R7E,565
GeForce GTS 250,564
Radeon HD 7560D + R5 235 Dual,563
Radeon Athlon 300GE,563
Radeon Athlon PRO 3045B,563
Radeon R5 240,562
Radeon HD 8550G + HD 8500M Dual,559
Radeon HD 7640G + R5 M200 Dual,559
Radeon HD 7640G + 8670M Dual,558
Radeon HD 7640G + 8570M Dual,558
Radeon HD 7650A,556
GeForce 820A,556
GeForce 8800 GTX,556
Quadro FX 3800M,555
GF117,554
Radeon HD 6570,554
Quadro 1000M,553
GeForce GT 550M,553
Radeon HD 3870,552
Radeon R7 7850A10-7850K,551
Qualcomm Adreno 675 GPU,551
FireGL V8650,550
Radeon Vega 3 3020e,550
GeForce 8800 GTS 512,550
Radeon R5 M335,549
Mobility Radeon HD 3870,548
Radeon HD 8550G + HD 7600M Dual,548
FirePro 3D V5700,547
Radeon HD 8550G + HD 8670M Dual,546
"Radeon R6 PRO A10-8700B R6, 10 Compute Cores 4C+6G",546
FirePro 3D V7750,545
Radeon HD 8450G + 8600M Dual,545
Radeon HD 7520G + HD 7400M Dual,545
Radeon HD 7600G + HD 8670M Dual,544
Quadro FX 2700,543
Radeon HD 7520G + 7470M Dual,543
Radeon R6 A10-8700P,542
Radeon R5 M255,539
Radeon R6 PRO A10-8700B 4C+6G,538
GeForce GT 820M,537
GeForce GT 435M,536
Radeon 6600M,535
Radeon HD 7560D + HD 7000 Dual,534
GeForce GT 635M,534
GRID K180Q,534
Radeon HD 8550G + 8570M Dual,533
Intel HD 4400,533
RADEON HD6530D,532
Radeon R6 PRO A8-8600B 4C+6G,532
Radeon R7 M260,531
Radeon HD 8550G + HD 8570M Dual,529
Radeon HD 7640G + 6400M Dual,527
Radeon HD 7600G N HD 7600G + HD ON HD Dual,526
Mobility Radeon HD 5570,525
Radeon HD 7660D + R5 235 Dual,524
Radeon HD 7520G + 7670M Dual,523
Radeon R5 330,523
Radeon HD 8670M,520
MCT USB3.0 External Device,520
GeForce GTS 250M,520
Quadro 600,519
Radeon HD 7640G + HD 7670M Dual,519
Radeon HD 8670D,518
Radeon HD 8690A,518
Quadro FX 5600,518
IncrediblE HD 4000,517
Intel HD P4000,516
GeForce GT 630M,515
GeForce GTS 240,515
Radeon HD 7660D,514
Radeon Vega 3 Athlon Silver 3050e,514
Mobility Radeon HD 4830,512
"Radeon R5 PRO A6-8500B R5, 6 Compute Cores 2C+4G",511
Radeon HD 7640G + 7610M Dual,510
Radeon HD 7620G + 8600M Dual,509
Radeon HD 7600G + HD 7550M Dual,509
GRID RTX6000-4Q,509
Radeon R5 PRO A6-8500B 2C+4G,508
Radeon HD 7620G + HD 8670M Dual,507
Mobility Radeon HD 5730,507
Intel HD P4600,506
Radeon Vega 2,506
Radeon RX Vega 10 Athlon 300U,506
GeForce 615,505
GeForce GTS 150M,504
Radeon HD 8450G + HD 8750M Dual,504
Radeon 3020e,504
Radeon R5 M420,500
GeForce GT 425M,499
Radeon R5 M315,499
Radeon R7 M265DX,499
SUMO 964A,498
TRINITY SCRAPPER MOBILE,498
Radeon HD 8650G,498
Radeon HD 7500G + 7550M Dual,497
ASUS EAH4870x2,496
Radeon HD 7520G + HD 7670M Dual,495
NVS 5200M,494
Radeon HD 8670D N HD 8670D + HD 8670D Dual,489
GeForce 9800 GTX+,489
Radeon HD 8550G + R5 M230 Dual,488
Radeon Vega 2 Athlon Silver 3050U,488
Radeon R5 M240,488
GeForce 9800M GS,488
Radeon R4E,487
Radeon HD 7520G + 7400M Dual,487
GeForce GT 625M,485
Radeon HD 7670M,483
Radeon HD 8610G + HD 8600M Dual,481
Quadro K500M,480
GeForce 820M,480
Mobility Radeon HD 5000 Serisi,479
Radeon HD8530M,478
Radeon HD 8450G + HD 8670M Dual,478
Mobility Radeon HD 3870 X2,478
Radeon HD 7660G,478
Quadro FX 1800M,478
GeForce 800M,477
Radeon R5 M320,477
Radeon HD 7600G + HD 7500M/7600M Dual,477
Radeon HD 8450G + 8670M Dual,475
Radeon HD 7640G + HD 8570M Dual,475
Radeon R6 A8-8600P,475
GeForce GT 240,475
Radeon HD 5570,474
RTX Pro 6000 Blackwell DC-2B,473
FirePro 3D V3800,472
GeForce GT 540M,472
Radeon HD 8570D + R5 235 Dual,471
GeForce 9600 GT,471
GeForce GT 320,470
Quadro FX 3600M,467
Radeon HD 7660D + 7470 Dual,466
SUMO 9644,466
FirePro V5700,465
Radeon HD 7550M,465
Intel HD Family,465
"Radeon R5 PRO A6-8530B R5, 6 COMPUTE CORES 2C+4G",465
Mobility Radeon HD 4670,463
GeForce 8800M GTX,462
Radeon HD 7660G + HD 7600M N HD 7600M Dual,460
GeForce 705M,456
GeForce 8800 GT,455
GeForce GT 525M,454
GeForce 9800M GTX,454
Radeon HD 7520G + 7650M Dual,453
Radeon HD 8450G + HD 8600M Dual,452
Radeon HD 7620G N HD 7620G + HD 8600M N HD 8600M D,452
Radeon HD 7560D,451
Radeon HD 8570M,450
Radeon HD 8500M,450
Radeon HD 7520G + HD 7600M Dual,447
Radeon HD 7640G,447
Radeon HD 7660G + 8600M Dual,446
PHDGD Ivy 5,445
Quadro FX 3700M,445
Radeon HD 7620G + HD 8600M Dual,443
GeForce 9800 GT,443
Mobility Radeon HD 5650,440
GeForce 710M,440
GeForce GT 720M,437
GeForce GT 420,436
Radeon HD 8410G,435
Radeon HD 7600G + HD Dual,435
GeForce 800A,435
Quadro 410,434
Matrox M9138 LP PCIe x16,433
Radeon HD 3850 AGP,432
Radeon R5 M230,429
FirePro M2000,428
GeForce 710A,427
GeForce GT 620M,426
GeForce GT 710M,425
Radeon HD 7640G + HD 7500/7600 Dual,424
RADEON HD6410D,423
Radeon HD 7640G N HD 7640G + HD 8570M Dual,423
Radeon HD 7600G + 7550M Dual,423
GeForce GT625M,422
Radeon HD 7650M,421
Intel 4th Generation Haswell HD,420
GeForce 810M,420
Radeon HD 7570M,419
Radeon R5 Opteron X3216,416
Radeon HD 8550G,416
Quadro FX 2800M,415
Radeon 3015Ce,414
"Radeon R5 PRO A6-9500B R5, 6 COMPUTE CORES 2C+4G",413
Radeon HD 7470M,408
Radeon HD 7640G + HD 7600M N HD 7600M Dual,407
Intel HD 5300,407
SiliconMotion SM768 WDDM2.0 Display Driver,407
Radeon HD 7600G + 7500M/7600M Dual,406
RADEON E4690,405
Mobility Radeon HD 4650,401
Radeon HD 8570D,401
Radeon HD 3850,401
Radeon HD 6550D,400
GeForce 8800 GTS,400
GeForce GT 330,398
Radeon HD 8650D,396
Radeon HD 8610G,396
Quadro FX 4600,396
GeForce GT 620,395
Quadro FX 1800,395
GeForce GT 420M,392
Radeon HD 7600G + 7450M Dual,390
IncrediblE HD,389
GeForce 7900 GTX,388
GRID RTX6000-1A,388
Radeon HD 5550,385
GeForce 8800M GTS,382
GeForce GTX 260M,382
Radeon HD 4670,382
GeForce GT 130,381
GeForce 9800M GT,381
GeForce GTS 350M,381
Radeon HD 6490M,378
GeForce GT 625,378
Radeon HD 7520G + 8750M Dual,377
Radeon HD 7600G + 6400M Dual,377
L40S-2Q,375
Radeon HD 8570D + HD8490 Dual,374
PHDGD Ivy 4,374
Radeon HD 8470D,374
Radeon HD 8510G,373
Quadro FX 3700,372
GeForce GT 705,371
GeForce GT 610M / GT 620M / GT 710M / GT 720M / GT,369
Matrox Millennium P690 PCIe x16,367
Quadro FX 2700M,367
Radeon HD4670,366
Mobility Radeon HD 3850,366
Radeon Vega 3 Athlon Gold 3150C,366
GeForce GT 335M,366
Radeon HD 7520G N HD 7520G + HD 7600M N HD 7600M D,365
Radeon HD 7660G + HD 8600M Dual,364
Intel UHD Graphics 605,364
Intel HD 505,361
Radeon HD 7500G + HD 7500M/7600M Dual,356
Mobility Radeon HD 565v,353
Radeon HD 6480M,353
Radeon HD 7620G,353
Radeon 3015e,352
Radeon HD 7580D,351
GeForce 9800M GTS,349
Radeon R4,348
ZX C-1190,347
GeForce 7950 GT,345
Intel HD 4000,342
FirePro 3D V3750,341
FireGL V5600,341
Radeon HD 8310E,341
Radeon HD 6620G,341
Radeon HD 7660D + HD 7400 Dual,340
Radeon HD 8570D + HD 8470 Dual,338
Radeon HD 6530D,337
GeForce GT 610,337
NVS 315,336
Radeon R5 235,336
FirePro RG220,335
Radeon HD 8450G,335
Radeon HD 7600G,335
Radeon HD 7600G + 8500M/8700M Dual,334
Radeon R5 310,332
GeForce 605,331
Radeon HD 7540D,331
Radeon HD 7450M,330
GeForce 8800 GS,330
GeForce 9600 GSO 512,330
Radeon HD 7600G + HD 7400M Dual,329
GeForce 9700M GT,327
GeForce GT 120 / 9500 GT,325
Radeon E6460,324
GeForce GT 520,324
GeForce 9600 GSO,323
GeForce GT 230,323
FirePro V3800,321
GeForce 240M GT,320
RADEON HD6370D,320
Radeon R5E,320
Mobility Radeon HD 560v,318
Radeon HD 7520G,317
Radeon HD 7500G,316
Radeon R3,316
Radeon HD 7420G,315
Radeon HD 8370D,314
GeForce 9700M GTS,312
Radeon HD 7520G + 8600/8700M Dual,311
Intel UHD Graphics 600,311
NVS 4200M,310
Quadro FX 3500M,306
Intel 3rd Generation IvyBridge HD 4000,303
Intel HD 500,302
Radeon R1E,301
Radeon HD 6520G,300
GeForce 9600M GT / GeForce GT 220M,293
GRID K120Q,293
Qualcomm Adreno 630 GPU,293
Radeon HD 2900 GT,292
NVS 310,292
GeForce 610M,292
IncrediblE HD 3000,291
GeForce 510,290
Beijing Fantasy Technology Fantasy II-M,290
Radeon HD 7470,289
GeForce GT 520M,289
GeForce GT 520MX,289
Radeon HD 7450A,288
GeForce 7950 Xtreme,288
GeForce GT 415M,286
Mobility Radeon HD 5165,284
ZX C-1080,284
Radeon HD 2600 XT,283
GeForce 9600 GS,282
Radeon HD 7480D,281
Intel HD P3000,281
Radeon HD 8330,279
Radeon R5 235X,277
Radeon HD 6370M,276
Radeon HD 8400E,276
GeForce 410M,273
Radeon HD 8280E,273
Radeon HD 8400,273
GeForce 9650M GS,270
GeForce Go 7900 GTX,270
Radeon HD 8280G,270
Radeon HD 5470,268
GeForce 7800 GTX,268
GeForce 7950 GX2,267
Radeon HD 8350G,267
Mobility Radeon HD 550v,266
Radeon HD 7400G,266
Quadro FX 3500,265
GeForce Go 7950 GTX,264
Radeon HD 8490,264
Radeon HD 8330E,262
GeForce 7900 GS,262
Radeon HD 8280,261
Intel HD 3000,261
Radeon HD 6450A,260
L4-1Q,259
GeForce 7900 GT,258
Radeon HD 6480G,258
Quadro FX 570,258
Radeon HD 6370D,255
Radeon R2,255
GeForce GT 415,251
Radeon HD 7640G + 8600M Dual,250
Radeon HD 4650,249
GeForce 7900 GT/GTO,247
Radeon HD 8470,247
Radeon HD 8240,246
Mobile Intel HD,245
GeForce 7800 GT,244
Quadro FX 5500,242
Radeon HD4650,240
Radeon HD 7640G + R5 M230 Dual,239
Quadro NVS 510M,238
Radeon HD 6410D,237
Quadro FX 880M,237
Quadro FX 4500 X2,236
Radeon HD 4550,236
Mobility Radeon HD 5470,236
GeForce 7600 GT,235
Mobility Radeon HD 3670,232
Radeon E6465,231
Quadro NVS 290,228
Quadro FX 4500,227
CARRIZO 9874,227
Radeon HD 6470M,225
Radeon R3E,225
Radeon HD 7450,224
GT 430,223
GeForce GT 220,223
Radeon HD 7340M,221
A6 Micro-6500T Quad-Core APU with RadeonR4,220
GeForce GT 230M,220
Mobility FireGL V5725,219
GeForce GT 330M,219
Quadro FX 2500M,218
Radeon HD 8250,217
Radeon HD 6320 Graphic,216
GeForce 9500 GS,216
Mobility Radeon. HD 5470,215
Mobility Radeon HD 5450,214
Intel HD 2000,213
Quadro FX 770M,213
GeForce GT 240M,212
Quadro FX 1700,212
Radeon HD 2600 PRO,211
Radeon R2E,211
GeForce Go 7800 GTX,210
GeForce Go 7600 GT,210
Radeon HD 4650 AGP,208
Quadro NVS 320M,208
GeForce GT 220M,208
Barco MXRT 1450,206
Quadro FX 3450/4000 SDI,206
Quadro FX 380,206
Intel 2nd Generation SandyBridge HD 3000,205
Radeon R5 230,202
Quadro FX 580,202
Radeon HD 6380G,201
Mobility Radeon HD 545v,200
NVS 5100M,200
Intel Q45/Q43 Express Chipset,200
RADEON HD7450,199
Radeon HD 6320M,198
Radeon HD 6450,198
Radeon HD 8210,198
GeForce 9400 GT,198
RDPDD Chained DD,198
Radeon HD 7340G,196
GeForce 315,196
Intel G965 Express,196
Quadro FX 1600M,195
Intel Infoshock HD,194
Radeon HD 8210E,194
Radeon HD 6430M,193
Mobility Radeon HD 2600 XT,192
GeForce 6800 GS,192
Mobility Radeon HD 4550,191
GeForce 9500 GT,191
GeForce 320M,190
Mobility Radeon HD 540v,188
GeForce GT 120,187
GeForce 8600 GTS,185
Mobility Radeon HD 5430,181
Radeon HD 7310G,181
Barco MXRT 7100,180
FireGL V3600,180
FirePro 3D V3700,179
Radeon HD 6230,179
GeForce 8600 GS,179
GeForce Go 7900 GS,178
Radeon HD 3450,178
GeForce 7800 GS,177
GeForce G100,176
Mobility Radeon HD 530v,175
Radeon HD 7310 - Carte graphique,174
GeForce 9400M G,174
Quadro FX 1700M,173
Quadro FX 1500M,171
GeForce 8500 GT,171
FirePro 2460,170
Radeon HDG 4670,170
Quadro FX 1500,170
GeForce G102M,170
GeForce GT 325M,170
GeForce 8400 GS,170
Intel 2nd Generation SandyBridge HD,169
Radeon HD 3670,169
Mobility Radeon HD 2600,168
GeForce GT 130M,168
GeForce 9200,168
Radeon HD 7310M,166
GeForce 7600 GS,166
Radeon HD 7350,165
nForce 980a/780a SLI,165
Intel HD manual-gen9_2015-133271,165
Radeon HD 4350,165
GeForce 8200,164
GeForce 8600M GT,164
Radeon HD 8350,163
GeForce 9600M GT,163
Intel 3rd Generation IvyBridge HD GT1,161
Radeon HD 4300/4500 Serisi,156
Radeon HD 7340,153
Intel G41 Express Chipset,153
GeForce G210,152
Radeon X1950 CrossFire Edition,151
GeForce 305M,151
GeForce GT 120M,151
Radeon HD 3650 AGP,150
Radeon R5 220,150
Quadro FX 3450,149
Mobility Radeon HD 4570,149
Mobility Radeon HD 4350,148
GeForce Go 7700,148
Quadro 400,148
ZX Chrome 645/640 GPU,147
GeForce 9400,147
Radeon HD 6320,147
Intel G45/G43 Express Chipset,147
Radeon X1900 GT,146
Quadro NVS 160M,146
S3 5400EW,146
Quadro FX 380 LP,145
GeForce 8600 GT,145
Radeon HD 6300M,144
GeForce 505,144
GeForce 9200M GE,144
GeForce 310,144
GeForce 6600 GT,143
GeForce 210,143
GeForce 6800 GT,142
FirePro 2270,142
GeForce 9300M GS,142
Radeon HD 4290,141
Radeon X1800 GTO,141
RADEON HD 6350,141
EG PARK,141
nForce 760i SLI,140
Radeon HD 6290M,140
Mobility Radeon HD 3650,140
Intel Haswell HD - GT2,139
GeForce 6800 Ultra,139
GeForce Go 6800 Ultra,138
Intel B43 Express Chipset,138
Radeon X1900 CrossFire Edition,137
NVS 2100M,137
Quadro NVS 420,137
GeForce 9650M GT,137
Radeon HD 5450,136
GeForce G200,136
Radeon HD 4330,136
Mobility Radeon HD 4330,135
Mobility Radeon X1900,135
Radeon HD 8180,135
GeForce G210M,135
GeForce 7650 GS,134
GeForce 9800 GT 1024MB,134
EAH5450,134
GeForce 9500M GS,133
GeForce G105M,133
VIA/S3G C-645/640 GPU,132
GeForce 9600M GS,131
RTX5000-Ada-1B,131
RADEON X800 SE,130
MOBILITY RADEON X1800,130
GeForce 9300 / nForce 730i,129
Qualcomm Adreno 618 GPU,129
GeForce 9200M GS,129
GeForce 310M,129
FireGL V7300,128
GeForce Go 7600,128
Radeon HD 7310,128
All-in-Wonder X1900,127
GeForce 9300,127
Radeon HD 3300,127
GeForce 205,126
Qualcomm Adreno 540 GPU,126
Seria Mobility Radeon HD 3400,125
GeForce G205M,125
NVS 3100M,125
Quadro FX 1400,124
GeForce 8700M GT,124
Intel Haswell HD - GT1,123
Radeon HD 4250,123
Radeon HD 7290M,123
GeForce 9500M G,122
Radeon HD 6310,122
GeForce 7300 GT,122
Radeon HD 2400,121
Quadro FX 380M,121
GeForce 6800 XT,121
Extreme AX850 PRO,120
GeForce 315M,120
RV530 PRO,119
Radeon HD 2400 XT,119
NVS 300,119
Glenfly Arise1020,119
GeForce 405,118
FireMV 2260,117
PHDGD Quantic C3,117
Mobile Intel 45 Express-Chipsatzfamilie,117
Radeon X1700 Targa Edition,117
Radeon HD 3470,117
Radeon X1600 XT,116
FireGL V7200,116
FireGL V5200,115
GeForce Go 7800,115
RADEON X800 GTO,115
GeForce 8300 GS,115
GeForce 9300 GE,115
VIA/S3 Chrome 520 IGP,115
Quadro FX 560,114
Radeon HD 2400 Pro,114
Quadro NVS 295,114
GeForce GT 320M,114
FirePro 2260,113
Radeon X1950 Pro,113
Sapphire RADEON X800 GT,113
GeForce 6800,113
Radeon HD 4200,112
Intel HD Modded,112
Radeon HD 7290,112
Intel Media Accelerator HD,112
Intel Q965/Q963 Express,112
FireGL V7350,111
Mobility Radeon HD 3400 Serisi,111
Radeon HD 4270,110
GeForce 6800 LE,110
VIA/S3G Chrome 645/640 GPU,110
Radeon HD 2600 Pro AGP,110
ION,109
Quadro FX 370 LP,108
Radeon Infoshock 3000,107
Radeon X1950 GT,106
GeForce Go 6800,106
GeForce9400M,106
GeForce 9450,105
Mobility Radeon X1700,105
GeForce 8400M G,105
Radeon HD 6290,105
GeForce 9500M,104
M880G with Mobility Radeon HD 4250,104
Quadro FX 3400/4400,104
Quadro FX 370 Low Profile,103
FireGL V3400,103
GeForce 6800 GS/XT,103
Mobility Radeon HD 2400 XT,102
Quadro FX Go1400,102
GeForce 8300,102
GeForce 9300 GS,102
Matrox G200e WDDM 2.0,101
Quadro FX 4000,101
GeForce 9400M,101
GeForce 8400M GS,101
Radeon X1600 Pro,99
Quadro FX 570M,99
GeForce G 105M,99
Radeon 3000,98
GeForce 9300GE,98
Mobility Radeon HD 4250,98
RADEON X800 XT,98
Mobility Radeon HD 3430,98
ION LE,98
Mobility Radeon HD serie 4200,97
Quadro NVS 130M,97
Radeon HD 3000,96
GeForce 6700 XL,95
MEDION RADEON X740XL,95
Mobility Radeon HD 3470 Hybrid X2,94
Radeon HD 6250,94
Quadro FX 370M,93
Mobility Radeon HD 4270,93
M880G with Mobility Radeon HD 4200,93
FireGL V5100,93
Mobility Radeon HD 3470,93
nForce 780a SLI,92
RADEON X600XT,92
Mobility Radeon X1600,92
Mobility Radeon HD 4200,91
Mobility Radeon HD 3450,91
GeForce 7500 LE,91
Matrox G200eW3 WDDM 2.0,90
Mobility Radeon HD 2400,90
Intel G35 Express,90
GeForce 6610 XL,89
GeForce 8600M GS,89
GeForce 8400M GT,88
Quadro FX 360M,87
Quadro FX 350,86
GeForce 6600,86
GeForce 9300M G,85
Radeon X1650 Pro,85
FireGL V3200,85
RADEON X800 GT,84
Quadro FX 370,84
Horizon Indirect Display Driver,84
Radeon X1300 PRO,84
ALL-IN-WONDER X800 GT,84
GeForce 999 GTX,84
nForce 750a SLI,83
GeForce 9100M G,83
GeForce 9100,82
GeForce 9300 SE,82
RADEON X850 XT Platinum Edition,82
Mobility Radeon X2500,82
Radeon HD 3200,82
MOBILITY FireGL V5000,82
GeForce 7300 LE,82
RADEON X850 XT,81
Quadro FX 540,81
Mobility Radeon 4100,81
RADEON X800 XT Platinum Edition,81
GeForce 8400,81
RADEON X800GT,80
GeForce 7300 GS,80
GeForce 8100 / nForce 720a,79
Quadro NVS 140M,79
Radeon HD 2350,77
RADEON X700 PRO,76
M860G with Mobility Radeon 4100,76
Radeon X1650 GTO,75
ZX C-960,75
FireMV 2450,74
GeForce 7350 LE,74
Radeon 3100,74
RADEON X700,73
Mobility Radeon HD 4300 Serisi,73
RADEON X800 PRO/GTO,73
RADEON X850 PRO,73
FireGL V7100,72
MEDION RADEON 9800 XXL,72
M880G with Mobility Radeon HD 4225,72
Radeon X1650 SE,71
RADEON X700 SE,71
FireGL V3300,71
Radeon X550XTX,71
BASICDISPLAY,70
Diamond X1300-PCIE 256MB,70
Quadro NVS 150M,70
FireGL V3350,69
Radeon X1600 Pro / X1300XT,69
RADEON X800 XL,69
GeForce Go 6600,69
Quadro FX 3000,69
Matrox G200eR WDDM 2.0,68
Intel G45/G43/G41 Express Chipset,68
GeForce 8400 SE,68
Radeon X1550,67
RADEON X600 PRO,67
MOBILITY RADEON X700,67
Quadro NVS 450,67
Mobility Radeon HD 4225,66
GeForce Go 7400,66
RADEON X800 PRO,65
GeForce 8200M G,65
Quadro FX 550,64
ZX C960 GPU,64
Mobility Radeon HD 3410,63
Intel HD manual-15.28-1861,63
Sangfor TitanGPU controller,63
GeForce G 103M,63
MOBILITY FireGL V3200,62
SAPPHIRE Radeon X1550,61
Radeon 2100,60
MOBILITY RADEON X700 XL,60
Matrox G200e WDDM 1.2,59
GeForce FX 5950 Ultra,59
FireGL X1,59
GeForce 6800 XE,59
RADEON 9800 PRO,59
Intel - Express Chipset Q45/Q43,58
Radeon X1300,58
RADEON 9800,58
Intel Q45/Q43 Express-Chipsatz,57
Intel - Express Chipset G41,57
Intel G41 Express-Chipsatz,57
RADEON X600 256MB HyperMemory,57
RADEON 9800 XT,57
Intel Q35 Express,57
RADEON X550XT,56
Matrox G200eh WDDM 2.0,55
RADEON 9700 PRO,54
FireGL V3100,53
Matrox G200eh WDDM 1.2,52
RADEON E2400,52
Red Hat QXL controller,52
Radeon Xpress 1300,52
GeForce Go 7300,52
GeForce 6200 TurboCache,52
FirePro 2450,51
RADEON X550,51
GeForce 6600 LE,51
Mobility Radeon HD 2300,51
GeForce FX Go5700,51
GeForce 7100 GS,51
Matrox G200eW WDDM 1.2,50
MOBILITY RADEON X600,50
Quadro NVS 135M,50
Radeon X1050,49
Mobility Radeon X2300 HD,49
MOBILITY RADEON X600 SE,49
RADEON X600 SE,49
Radeon X1600,49
GeForce 7300 SE/7200 GS,49
Mobility Radeon X2300,48
Radeon X1550 64-bit,48
Quadro NVS 110M,48
Quadro NVS 120M,47
SAPPHIRE RADEON 9600 ATLANTIS,47
FireMV 2250,46
MOBILITY RADEON 9800,46
Matrox M9188 ATX PCIe x16,46
Mobile Intel 965 Express,46
Mobile Intel 4 Express-Chipsatzfamilie,45
MOBILITY FireGL V5200,45
Mobile Intel serie 4 Express,45
GeForce Go 6600 TE/6200 TE,45
Matrox G200eR WDDM 1.2,45
GeForce Go 7200,45
Quadro FX 350M,45
Radeon 9700 TX with TV-Out,44
Quadro NVS 285,44
GeForce 7100 / nForce 630i,44
Mobility Radeon X1400,43
Radeon Xpress 1250,43
RADEON 9600 PRO,43
RADEON 9500 PRO / 9700,42
Matrox G200eh,41
GeForce FX 5700,41
MOBILITY FIREGL T2,41
GeForce FX 5900 Ultra,41
S3 Chrome 430 ULP,40
Mobility Radeon X1350,40
Mobility Radeon X1300,40
Radeon Xpress 1300M,40
GeForce FX 5900XT,40
Matrox G200eW,40
Matrox M9148 LP PCIe x16,40
GeForce 7050 / nForce 620i,40
Mobile Intel - famiglia Express Chipset 45,39
GeForce 7300 SE,39
MOBILITY RADEON 9600/9700,39
Quadro NVS 440,38
Quadro NVS 285 128MB,38
GeForce 6500,38
RADEON X300SE,38
256MB DDR Radeon 9800 XT,38
GeForce 7050 / nForce 630i,38
Mobile Intel 45 Express,38
Matrox G200eR,37
Radeon X1250,37
GeForce 6200SE TurboCache,37
GeForce 6200,37
FireMV 2200 PCIe,36
Radeon Xpress 1200,36
CONNECT 3D RADEON X300,36
Quadro FX 1100,36
RADEON 9500,36
MOBILITY RADEON 9600,36
GeForce PCX 5750,35
GeForce FX 5900,35
RADEON 9600 XT,35
RADEON 9550,35
Intel 1st Generation Intel HD,35
Quadro FX 1300,34
Quadro FX 1000,34
GeForce PCX 5900,34
MOBILITY RADEON X300,34
Radeon Xpress 1100,34
MOBILITY FIREGL T2/T2e,34
GeForce FX 5700 Ultra,34
GeForce 7150 / nForce 630i,33
Mobility Radeon X1450,33
Radeon X1200,33
GeForce FX 5700VE,33
GeForce FX 5900ZT,33
Intel Media Accelerator,33
GeForce 6200 LE,33
GeForce 6150 LE,33
GeForce 7025 / nForce 630a,33
S3 Chrome S27 DDR3,33
GeForce 6200 A-LE,32
Matrox M9128 LP PCIe x16,32
Intel G33/G31 Express,32
FireGL T2-128,31
Radeon X1270,31
GeForce 6150SE nForce 430,31
All-in-Wonder X1800XL,30
Radeon Xpress 1150,30
RADEON XPRESS 200,30
MOBILITY RADEON 9550,30
GeForce 7050 PV / nForce 630a,30
Radeon 9550 / X1050,29
MOBILITY FireGL V5250,27
Radeon Xpress 1270,27
MOBILITY RADEON XPRESS 200,27
MOBILITY RADEON 9700,27
RADEON 9600 PRO Family,27
RADEON 9600SE,27
GeForce 6100 nForce 405,27
GeForce 6100,27
PHDGD Sapphire GR for Mobile Intel 965,26
GeForce 7100 / nForce 620i,26
Matrox M9125 PCIe x16,26
GeForce 7050 / nForce 610i,26
Matrox M9120 Plus LP PCIe x16,26
GeForce 6150SE,25
GeForce 6100 nForce 400,25
GeForce 6100 nForce 420,25
RADEON 9600 Family,25
GeForce FX 5700LE,25
MOBILITY RADEON 9600 PRO TURBO,25
Quadro NVS 210S,24
GeForce Go 6400,24
Mobile Intel 965 Express-Chipsatzfamilie,24
RADEON 9800 SE,24
Matrox M9140 LP PCIe x16,23
GeForce 6100 nForce 430,23
RADEON XPRESS 200M,23
RADEON A9800XT,23
ALL-IN-WONDER 9800,23
GeForce 7200 GS,23
S3 Chrome S25,23
GeForce 6150,22
Quadro NVS 210S / GeForce 6150LE,21
Matrox M9120 PCIe x16,20
PHDGD Solo 2 x64,20
QXL KMDOD,19
GeForce Go 6150,19
Mobile Intel965 Express,18
S3 Chrome S25 DDR2,18
GeForce 7150M / nForce 630M,18
GeForce FX Go 5600,18
GeForce Go 6100,18
RADEON XPRESS 200 CROSSFIRE,18
Quadro FX 2000,18
RADEON 9600 TX Family,18
GeForce FX Go5650,17
GeForce FX 5600 Ultra,17
GRID V100-8Q,16
NV44,15
GeForce Go 6200,15
Quadro FX 500/600 PCI,14
Radeon HD 2400 PCI,14
GeForce 7000M,13
GeForce 7000M / nForce 610M,13
GeForce FX 5600,13
GeForce FX Go5300,13
GeForce FX 5200SE,12
GeForce FX 5200 Ultra,12
VIA C9-HD IGP,12
RGH Drivers v3,11
FireMV 2400 PCIe,11
PHDGD Solo 1.2.0 x86,11
MOBILITY IGP 9000/9100,10
Master X3100 Driver,10
VIA Chrome9 HD IGP,10
GeForce FX 5600XT,9
ASUS A7000,9
GeCube RADEON 7000,9
Matrox Parhelia 256MB,9
Intel 82945G Express,9
Intel Q35 Embedded,8
Quadro NVS 280 PCI,8
GeForce FX 5100,8
Intel 82945G Express-Chipsatzfamilie,8
ASUS V9520-X V62.11,8
GeForce FX Go 5200,8
GeForce FX 5200,8
GeForce FX 5500,8
Quadro FX 500/FX 600,8
MOBILITY RADEON 9000 IGP,8
Mobile Intel 965 Express - BR-0907-0461 v1839,8
Matrox Millennium P690 Plus LP PCIe x16,7
Quadro4 380 XGL,7
GeForce4 MX Integrated GPU,7
GeForce4 Ti 4800 SE,7
GeForce FX 5200LE,7
GeForce4 Ti 4400,7
RADEON 8500 Family,7
Intel US15 Embedded Media and Controller,7
Intel Media Accelerator 600,7
Intel Q33 Express,7
Matrox Parhelia APVe,6
VIA/S3G UniChromeII,6
Mobile Intel 945GM Express,6
NVIDIA GeForce3 Ti200,6
Intel 82915G Express,6
GeForce4 448 Go,6
GeForce PCX 5300,6
GeForce4 Ti 4800,6
Quadro 280 NVS PCIe,6
GeForce4 Ti 4600,6
RADEON 9100 Family,6
GeForce4 440 Go 64M,6
GeForce4 Ti 4200,6
MOBILITY RADEON 7000 IGP,6
GeForce2 Ultra,6
RADEON IGP 350M,6
ALL-IN-WONDER RADEON 8500DV,6
MOBILITY RADEON 9000/9100 IGP,6
Quadro NVS 55/280 PCI,6
V9560XT,6
Matrox Millennium P650 PCIe 128,5
Intel 945G Embedded Chipset Function 0,5
Mobile Intel 945GM/GU Express,5
GeForce 256,5
WinFast A250 LE,5
Intel 82865G Controller,5
Quadro4 900 XGL,5
GeForce4 440,5
GeForce2 MX with DVI-D and TV-out,5
Quadro4 980 XGL,5
GeForce4 420 Go 32M,5
GeForce4 MX 420,5
VIA/S3G UniChrome Pro IGP,5
GeForce4 MX 440SE,5
SAPPHIRE RADEON 9000 ATLANTIS PRO,5
GeForce4 MX 440 with AGP8X,5
ASUS AGP-V3800PRO v31.40H,5
GeForce2 Ti,5
Quadro2 MXR/EX,5
GeForce4 MX 440,5
GeForce4 MX 4000,5
RADEON 9100 IGP,5
RADEON 9000,5
RADEON 7500 Family,5
GeForce3,5
ALL-IN-WONDER 9000,5
MOBILITY FIREGL 7800,5
Intel 915G/915GV/910GL Embedded Controller Functio,5
XGI Volari Family v1.13.23.D_V,5
Xabre,5
Dell 8200,4
VIA Chrome9 HC IGP Family,4
GeForce4 MX 460,4
GeForce4 4200 Go,4
GeForce2 Integrated GPU,4
VIA Chrome9 HC IGP,4
"Intel 915G,910G Express",4
VIA Chrome9 HC IGP Family WDDM,4
VIA/S3G UniChrome IGP,4
MOBILITY/RADEON 9000,4
ABIT Siluro T400,4
GeForce3 Ti 200,4
GeForce4 440 Go,4
GeForce2 GTS/GeForce2 Pro,4
RADEON 9200,4
GeForce2 MX/MX 400,4
VIA/S3G KM400/KN400,4
RADEON 9000 Family,4
GeForce 6200A,4
RADEON 7000 / RADEON VE Family,4
RIVA TNT2 Model 64/Model 64 Pro,4
MOBILITY RADEON 7500,4
Radeon IGP 320M,4
GeForce2 Go,4
Intel 82915G/915GV/910GL,4
RADEON IGP 320,4
Intel 865 Embedded Controller,4
Intel 82845G/GL Controller,3
Intel 82845G/GL/GE/PE/GV Controller,3
VIA Chrome9 HC3 IGP,3
GeForce4 420 Go,3
MOBILITY RADEON 9200,3
GeForce2 MX,3
Intel 82915G/GV/910GL Express,3
RADEON 9200 PRO Family,3
RADEON 9200 SE,3
MOBILITY RADEON 9100 IGP,3
RADEON 9200 LE Family,3
RADEON 9250,3
VIA/S3G DeltaChrome IGP,3
GeForce2 MX 100/200,3
GeForce3 Ti 500,3
MOBILITY RADEON 9000,3
AMIGAMERLIN 3.1-R1 For Voodoo 4 4500 PCI,3
Matrox Parhelia 128MB,3
Radeon IGP 340M,3
Radeon 7000 / Radeon VE,3
GeForce2 MX with TV Out,3
Intel 82915G/GV/910GL Advanced v3.5,3
RADEON 7200,3
Vanta/Vanta LT,3
Intel Media Accelerator 3150,3
RADEON IGP 345M,3
VIA Chrome9 HC IGP WDDM 1.1,3
Intel Media Accelerator 500,3
RIVA TNT2/TNT2 Pro,3
Intel 946GZ Embedded Chipset,3
Intel GMA 3150 Express,3
Rage Fury Pro/Xpert 2000 Pro,3
RADEON 7500,3
S3 Inc. Savage4,3
S3 SuperSavage/IXC 1014,2
Intel Extreme Controller,2
Intel 82845G Controller,2
Quadro NVS 280 SD,2
VisionTek Radeon 7000,2
VIA Chrome9 HC IGP Prerelease WDDM 1.1,2
VIA Chrome9 HCM IGP,2
RADEON IGP 34xM,2
VIA Chrome9 HC IGP WDDM,2
Dell 8100,2
Radeon VE,2
Mobile Intel 915GM/GMS/910GML Express,2
Intel 946GZ Express,2
Mobile Intel 945 Express,2
FireMV 2200 PCI,1
Quadro2 Pro,1
RAGE 128 PRO AGP 4X TMDS,1
Intel 82852/82855 GM/GME Controller,1
S3 ProSavageDDR,1
Rage 128 Pro,1
VIA Chrome9 HC3 IGP WDDM 1.1,1
